// Copyright (c) 2026 Intel Corporation
//
// SPDX-License-Identifier: Apache-2.0 or MIT

//
// This is autogenerated file - do not modify it
//

// Source: NIST ACVP-Server commit 975de31eb83d87039ec88934fdc47d8c312b892d, ML-KEM keyGen FIPS203 tgId 3 tcId 51; FIPS203-tr1 encapsulation tgId 3 tcId 51; modified-ciphertext decapsulation tgId 9 tcId 126; decapsulationKeyCheck tgId 14 tcId 176; encapsulationKeyCheck tgId 15 tcId 187

pub struct CavsVector<'a> {
    pub keygen_seed: &'a [u8; 64],
    pub public_key_sha384: &'a [u8; 48],
    pub private_key_sha384: &'a [u8; 48],
    pub encap_public_key: &'a [u8; 1568],
    pub encap_seed: &'a [u8; 32],
    pub cipher_text_sha384: &'a [u8; 48],
    pub shared_secret: &'a [u8; 32],
    pub decap_private_key: &'a [u8; 3168],
    pub implicit_rejection_private_key: &'a [u8; 3168],
    pub modified_cipher_text: &'a [u8; 1568],
    pub implicit_rejection_secret: &'a [u8; 32],
    pub invalid_private_key: &'a [u8; 3168],
    pub invalid_public_key: &'a [u8; 1568],
}

pub fn get_cavs_vectors() -> [CavsVector<'static>; 1] {
    [CavsVector {
        keygen_seed: &[
            0xf3, 0xa7, 0x06, 0xfa, 0xf0, 0x90, 0xc0, 0x3d, 0xb5, 0x06, 0x86, 0x3a, 0xb0, 0xb2,
            0x0b, 0xd8, 0xa1, 0x62, 0x79, 0x56, 0x31, 0x8e, 0x88, 0xc6, 0x7e, 0xb8, 0x75, 0xe8,
            0xe7, 0x26, 0x60, 0x09, 0x35, 0xd2, 0xbc, 0x43, 0xdd, 0x1c, 0xc8, 0x79, 0xf7, 0x65,
            0xbf, 0x2a, 0x0c, 0x5e, 0x29, 0x78, 0x89, 0xdd, 0xe9, 0x10, 0xe5, 0x7e, 0x2b, 0xb0,
            0xea, 0xe4, 0x17, 0xb9, 0x0a, 0xb7, 0xa2, 0x75,
        ],
        public_key_sha384: &[
            0x0e, 0xf2, 0xd6, 0x2a, 0x08, 0xee, 0x6e, 0xc0, 0xfb, 0x12, 0x19, 0x8c, 0x29, 0x08,
            0xdb, 0xdc, 0x03, 0x05, 0xb3, 0xc6, 0x98, 0x5f, 0x2c, 0x4c, 0xf9, 0x5d, 0xd0, 0x0c,
            0xb3, 0x7c, 0x51, 0x53, 0xa5, 0xdc, 0x46, 0x73, 0x39, 0xa9, 0x89, 0x31, 0x11, 0x91,
            0x20, 0x35, 0x75, 0xe4, 0xe3, 0x27,
        ],
        private_key_sha384: &[
            0x8f, 0x75, 0xd0, 0x7d, 0x5b, 0x1d, 0x81, 0x1a, 0x77, 0x30, 0xef, 0x05, 0x39, 0x47,
            0x07, 0x28, 0x31, 0xe5, 0x83, 0xd3, 0x10, 0xac, 0x01, 0x23, 0x9b, 0xd1, 0x22, 0xbc,
            0xa8, 0xc0, 0xcc, 0x08, 0x39, 0xee, 0x3e, 0xf1, 0x45, 0x1b, 0xbb, 0x9f, 0x21, 0x25,
            0xc7, 0xb7, 0x77, 0x2d, 0x0e, 0x45,
        ],
        encap_public_key: &[
            0xe4, 0x88, 0x93, 0x62, 0xb0, 0x8b, 0x29, 0x25, 0x8d, 0xf0, 0xb5, 0xcb, 0xb0, 0x03,
            0x67, 0xc5, 0xa6, 0x2c, 0x9b, 0xc2, 0x40, 0xc6, 0x05, 0xac, 0x2a, 0xd8, 0x5e, 0x9a,
            0x8c, 0x07, 0xa5, 0x11, 0x0d, 0x9b, 0x63, 0x62, 0xca, 0xba, 0x5c, 0x22, 0xe0, 0x4e,
            0xbf, 0x2c, 0xce, 0xf4, 0xeb, 0x04, 0x2d, 0x88, 0xce, 0x30, 0x8c, 0xb9, 0x51, 0x90,
            0x80, 0x9b, 0xc7, 0x11, 0xb9, 0x19, 0x2b, 0xbf, 0x11, 0xa0, 0xee, 0x44, 0x0a, 0x78,
            0xe5, 0xc8, 0x65, 0x34, 0x3a, 0x56, 0xe0, 0xbc, 0x61, 0x94, 0x07, 0x88, 0x01, 0xb8,
            0x10, 0x99, 0x7c, 0xff, 0x53, 0x78, 0x55, 0xb9, 0x3e, 0x89, 0xb1, 0xb0, 0xef, 0x3b,
            0x18, 0x56, 0xa8, 0x47, 0x3f, 0x82, 0x23, 0xf1, 0x69, 0x28, 0xe0, 0x33, 0x73, 0xfe,
            0x06, 0x14, 0xb9, 0xe8, 0x3b, 0x9a, 0x9a, 0xb5, 0x5e, 0x96, 0x5b, 0x08, 0x61, 0xc1,
            0xca, 0x7b, 0x49, 0xaf, 0x24, 0xc1, 0x6c, 0x51, 0x14, 0x39, 0xd2, 0x4a, 0xf0, 0xe1,
            0x05, 0x22, 0x2b, 0x20, 0xc5, 0x7b, 0x2f, 0x02, 0x70, 0xb4, 0x43, 0xc5, 0xc1, 0xdb,
            0xf4, 0x26, 0xc4, 0x83, 0x29, 0xf5, 0x84, 0x5c, 0x19, 0x0c, 0x09, 0x7e, 0x74, 0x8e,
            0xd4, 0xc8, 0x17, 0x95, 0x5a, 0x2d, 0x4c, 0xc2, 0x68, 0x5b, 0x87, 0x0b, 0x5e, 0x75,
            0x55, 0xf5, 0x97, 0x2e, 0x52, 0xa2, 0x78, 0xe9, 0x00, 0x21, 0x28, 0x14, 0x67, 0x33,
            0xb7, 0x00, 0x00, 0xed, 0x0f, 0x52, 0x42, 0xb6, 0x08, 0x0c, 0x3f, 0x7e, 0x82, 0x4e,
            0xbe, 0xbb, 0x03, 0x64, 0xb3, 0x0a, 0xfc, 0x13, 0x8b, 0xf0, 0x50, 0xa9, 0xef, 0x3b,
            0xca, 0xbe, 0x61, 0x47, 0x69, 0xd4, 0x1b, 0xbe, 0x66, 0x28, 0x45, 0x14, 0xb1, 0xf1,
            0xa2, 0x25, 0x1b, 0x95, 0x42, 0x9f, 0xe6, 0x20, 0xc6, 0x16, 0x31, 0xfb, 0x7a, 0x54,
            0x9e, 0xe9, 0x12, 0xb4, 0x8c, 0x7f, 0x2e, 0x24, 0x93, 0x36, 0xc4, 0x85, 0xf3, 0xd7,
            0xb2, 0xe3, 0x4c, 0x5b, 0x69, 0x9b, 0x5f, 0xa3, 0x84, 0x41, 0x8c, 0xe7, 0x9b, 0x52,
            0x75, 0x54, 0x54, 0x80, 0x2d, 0x89, 0x11, 0x3e, 0xbe, 0xc2, 0xa7, 0xb7, 0xb2, 0xbf,
            0xa6, 0x14, 0x53, 0xc2, 0x75, 0x57, 0x3c, 0xc0, 0x8b, 0xe0, 0x14, 0xb7, 0x75, 0xf7,
            0x1d, 0xdd, 0x3a, 0x3b, 0xe2, 0xb8, 0xb8, 0x1b, 0xe8, 0xb4, 0x4c, 0x48, 0x4f, 0xcd,
            0xc9, 0x8d, 0xc9, 0x71, 0x57, 0x47, 0x89, 0x10, 0x64, 0xd1, 0x20, 0x17, 0x66, 0x20,
            0xd6, 0x02, 0x41, 0x3a, 0xab, 0x8a, 0x80, 0xc1, 0x38, 0xde, 0x72, 0x98, 0x10, 0xda,
            0x12, 0xad, 0x79, 0x3c, 0xa8, 0xb0, 0x23, 0x4a, 0x61, 0x3c, 0x9c, 0x6a, 0x24, 0xb9,
            0x26, 0x4c, 0xa4, 0xc4, 0xb7, 0x60, 0x64, 0x94, 0x6b, 0xcc, 0x60, 0xa5, 0xd3, 0x2e,
            0x8b, 0xba, 0x35, 0xb3, 0xa9, 0x54, 0x7d, 0xf7, 0x29, 0x17, 0x84, 0x96, 0xf0, 0xc2,
            0x17, 0xe1, 0x00, 0x0c, 0xb1, 0x99, 0x8c, 0x62, 0x39, 0x21, 0xc2, 0xb9, 0x57, 0x18,
            0x27, 0x2b, 0xb6, 0x93, 0x5d, 0x52, 0x47, 0xc5, 0x5c, 0x6a, 0xba, 0xdb, 0x54, 0x07,
            0xf1, 0xc0, 0x94, 0x44, 0x67, 0xbd, 0x78, 0x77, 0xa4, 0xb1, 0x91, 0x5f, 0x44, 0x51,
            0x7d, 0xa6, 0x20, 0x42, 0x43, 0xa8, 0x8d, 0xcb, 0xcc, 0x3e, 0x91, 0x5b, 0x11, 0xdf,
            0x91, 0x49, 0x7e, 0xc7, 0x06, 0xdf, 0xd9, 0x78, 0x2c, 0xbc, 0x57, 0xb9, 0x8c, 0x5d,
            0xe0, 0xf8, 0x93, 0x47, 0x74, 0x5b, 0x25, 0x7a, 0x94, 0x3a, 0x95, 0x8e, 0x28, 0x44,
            0x50, 0x28, 0x70, 0xb0, 0x78, 0xa4, 0xb4, 0x60, 0xc8, 0x89, 0xc5, 0x29, 0x67, 0xd3,
            0x43, 0x1d, 0x3a, 0x35, 0x0e, 0x25, 0xc2, 0x5c, 0xbc, 0xe7, 0x8b, 0x75, 0x45, 0xbe,
            0x95, 0xa8, 0x82, 0x23, 0x15, 0xbb, 0xf1, 0x1a, 0x94, 0x21, 0x14, 0x80, 0xca, 0x0b,
            0x9b, 0x3d, 0x85, 0x9d, 0x97, 0x1a, 0x6a, 0x69, 0x8a, 0x59, 0x7c, 0x20, 0x2c, 0x77,
            0x4c, 0x53, 0x51, 0x82, 0x93, 0xb9, 0xe8, 0xc1, 0xc2, 0xdc, 0x8b, 0x24, 0xc2, 0x48,
            0xc1, 0x0a, 0x2a, 0x7c, 0xd3, 0xcd, 0xba, 0xa7, 0x4b, 0xdd, 0x03, 0x5a, 0x8f, 0xb3,
            0x74, 0xed, 0x56, 0xcd, 0x37, 0xd5, 0x81, 0xce, 0x8c, 0xae, 0x27, 0x14, 0xbd, 0x08,
            0x36, 0xc3, 0x40, 0x6c, 0x26, 0x53, 0x17, 0x4e, 0x3a, 0x7c, 0x58, 0xab, 0x69, 0x02,
            0xd4, 0xca, 0x17, 0xf3, 0xfa, 0x41, 0x6b, 0x6c, 0x1b, 0xe2, 0xe4, 0x9b, 0xea, 0xd1,
            0x03, 0x72, 0x45, 0x86, 0x1a, 0x56, 0x9b, 0x23, 0xf7, 0x06, 0x08, 0x01, 0x00, 0x14,
            0x64, 0x8c, 0xbe, 0x2b, 0x0e, 0x31, 0x85, 0x74, 0x3a, 0x90, 0xbc, 0x09, 0x30, 0x3f,
            0x9e, 0x08, 0xb9, 0xaf, 0x90, 0xb5, 0x50, 0x2a, 0xbc, 0xfa, 0x62, 0xa3, 0x67, 0x8b,
            0x1b, 0x64, 0x78, 0x39, 0xb6, 0x29, 0x61, 0x00, 0xbb, 0x8b, 0x9b, 0xe1, 0x26, 0xba,
            0xc6, 0x58, 0xc9, 0x42, 0x14, 0x50, 0x8a, 0x56, 0x30, 0x26, 0x43, 0xcf, 0xec, 0x81,
            0x48, 0x05, 0xb9, 0x9c, 0x96, 0xae, 0xca, 0x5c, 0x3f, 0xb6, 0x21, 0x06, 0xb7, 0x50,
            0xa0, 0xb5, 0x56, 0x0a, 0xf4, 0x60, 0xaf, 0xfa, 0xd2, 0x32, 0x71, 0x87, 0x14, 0x75,
            0x11, 0x2a, 0xaf, 0xa1, 0x87, 0x09, 0xbc, 0xb4, 0x50, 0xe0, 0xc7, 0x46, 0xe7, 0xa0,
            0x1e, 0xea, 0x17, 0xb0, 0x32, 0x24, 0x66, 0xa5, 0x49, 0xe9, 0x17, 0x56, 0x45, 0x34,
            0x51, 0xe6, 0x3a, 0x9b, 0x81, 0x60, 0xad, 0x28, 0x53, 0x5a, 0xeb, 0x55, 0x7e, 0x96,
            0x93, 0x7a, 0x48, 0xb7, 0xb6, 0x6c, 0x52, 0x10, 0x7d, 0xc7, 0x41, 0xf8, 0x06, 0xd0,
            0x70, 0x13, 0x0a, 0x0c, 0x15, 0xbc, 0xbc, 0x99, 0x91, 0x5e, 0x28, 0x01, 0x89, 0x8c,
            0x71, 0x51, 0x46, 0x53, 0xe2, 0x6a, 0xcc, 0x1e, 0x81, 0x00, 0x20, 0x19, 0xb9, 0x81,
            0xa5, 0x4a, 0x66, 0x3c, 0xac, 0x6e, 0x2b, 0x86, 0xb9, 0xf1, 0x6b, 0xba, 0xd6, 0x12,
            0x87, 0x09, 0x53, 0xb4, 0x69, 0xc7, 0xb3, 0x97, 0x2c, 0x3f, 0xe9, 0x9a, 0x2d, 0x10,
            0x36, 0xaa, 0x34, 0x2c, 0x96, 0x49, 0x12, 0xcd, 0xdb, 0x12, 0x9a, 0xcb, 0x81, 0xc9,
            0xf2, 0x8e, 0x63, 0xb0, 0x04, 0x65, 0x06, 0xbb, 0x9d, 0x31, 0x93, 0xc6, 0x58, 0xb4,
            0x66, 0xc5, 0x88, 0x76, 0xb0, 0x2b, 0x35, 0x14, 0xb4, 0xad, 0x00, 0x63, 0xb5, 0x48,
            0xaf, 0x95, 0xd0, 0xc1, 0xbd, 0xb6, 0x62, 0xee, 0xb3, 0x86, 0xee, 0x13, 0x95, 0x69,
            0x42, 0x0a, 0xa6, 0xa4, 0x15, 0xb5, 0x44, 0x7a, 0x49, 0x0a, 0x20, 0x06, 0xb1, 0x3e,
            0x76, 0xec, 0x63, 0x65, 0x23, 0x2c, 0xd9, 0x82, 0xa0, 0xc9, 0xe4, 0x0b, 0x52, 0xc1,
            0xa6, 0x04, 0x1a, 0x4a, 0x04, 0x59, 0x12, 0x2d, 0xf7, 0xab, 0x0d, 0x59, 0x10, 0x10,
            0x83, 0xca, 0x3c, 0xc7, 0x7b, 0x52, 0xa8, 0x0a, 0xca, 0xc3, 0xb3, 0xe3, 0xa2, 0x2f,
            0x9a, 0x1a, 0x53, 0x42, 0x74, 0x37, 0x5e, 0xf5, 0x7d, 0x44, 0xf9, 0xac, 0x75, 0x7a,
            0x49, 0x33, 0x9b, 0xa0, 0x90, 0x19, 0xb5, 0x23, 0xd5, 0x6e, 0x9d, 0x7a, 0xa1, 0x27,
            0x23, 0x45, 0x94, 0x73, 0xc2, 0x2d, 0x3b, 0x0a, 0x3d, 0x12, 0x02, 0xfe, 0xc6, 0x47,
            0x5f, 0x13, 0x74, 0x8e, 0x81, 0xc3, 0x3d, 0xa4, 0x05, 0x06, 0x78, 0x35, 0x9f, 0xf7,
            0xb6, 0x06, 0x6b, 0x89, 0x10, 0x94, 0x5c, 0xa9, 0x2a, 0x1e, 0x35, 0xaa, 0x76, 0xa8,
            0x39, 0x4d, 0x22, 0xe7, 0x90, 0x53, 0xdb, 0x2d, 0xb0, 0xca, 0x1f, 0x96, 0x47, 0x2a,
            0x35, 0x7a, 0x0a, 0xa6, 0x36, 0xbb, 0xdd, 0x7a, 0x38, 0x36, 0x92, 0x3b, 0xa7, 0xa4,
            0x70, 0xf2, 0x91, 0x1d, 0xf3, 0x55, 0x05, 0x12, 0x33, 0x8c, 0x1f, 0x0c, 0x52, 0x17,
            0x5b, 0x74, 0x16, 0xe0, 0x71, 0x3a, 0x69, 0xb0, 0xf2, 0xb5, 0x30, 0x96, 0x31, 0x89,
            0xe6, 0xaa, 0x92, 0x4b, 0xaa, 0x62, 0x02, 0xf5, 0x1b, 0xf7, 0x9c, 0x9d, 0xc5, 0x83,
            0x92, 0x9a, 0x1c, 0x32, 0xdc, 0xf7, 0xb0, 0x29, 0xa1, 0x83, 0x19, 0x94, 0x90, 0xb0,
            0x21, 0xbb, 0xb7, 0xf8, 0xbc, 0x20, 0x0b, 0x27, 0x01, 0x2a, 0x9a, 0x2e, 0xdb, 0x1c,
            0x11, 0x98, 0x38, 0xc6, 0xf0, 0xc9, 0x8a, 0x76, 0xc4, 0xc9, 0x86, 0x62, 0x02, 0x1b,
            0x4a, 0xbf, 0x54, 0x5b, 0xe6, 0xd4, 0xc1, 0xe6, 0x80, 0x8e, 0x75, 0x48, 0x19, 0x48,
            0xf5, 0x79, 0x66, 0xf8, 0x44, 0xed, 0x6a, 0x13, 0x3e, 0x3b, 0xac, 0x13, 0xc8, 0x75,
            0xdf, 0x4c, 0x20, 0xf2, 0x7b, 0x39, 0x46, 0x13, 0x4b, 0xce, 0x26, 0x12, 0x75, 0x0b,
            0x2e, 0x3c, 0x4b, 0x44, 0x3f, 0xa2, 0xcd, 0x1e, 0xf7, 0x48, 0xbb, 0xf7, 0x83, 0x1c,
            0x87, 0x53, 0x3d, 0x56, 0xbf, 0xcd, 0x9c, 0x13, 0x07, 0x60, 0x4d, 0x8d, 0xca, 0x2d,
            0x4a, 0xd7, 0x59, 0xf7, 0xc6, 0x12, 0x7f, 0x8c, 0x97, 0xa2, 0x58, 0x0f, 0x3c, 0x1a,
            0x5a, 0xcd, 0x5c, 0x0b, 0x26, 0x44, 0x25, 0x32, 0x47, 0x53, 0xcd, 0xf8, 0x6a, 0x79,
            0xa9, 0x24, 0xc5, 0x9b, 0x08, 0x21, 0x83, 0x02, 0x1a, 0x3a, 0x3a, 0x1a, 0x7a, 0x40,
            0x57, 0x7b, 0x59, 0x8b, 0xe9, 0x5c, 0x06, 0x21, 0x60, 0xc5, 0x46, 0x98, 0x3a, 0x3a,
            0x8c, 0x56, 0x20, 0x36, 0x7c, 0x62, 0x47, 0x89, 0x53, 0xba, 0x8f, 0xa4, 0x48, 0x56,
            0x43, 0x29, 0x2e, 0x2b, 0x20, 0xe7, 0xba, 0x6c, 0x6c, 0x16, 0xab, 0x35, 0x00, 0xcc,
            0xa7, 0x0a, 0x3d, 0x90, 0xe2, 0x33, 0x79, 0xb5, 0x22, 0x18, 0x1c, 0x3f, 0xaa, 0x9c,
            0x01, 0x42, 0x88, 0x29, 0x18, 0x86, 0x27, 0xe6, 0x24, 0x8b, 0x66, 0x49, 0xaf, 0x44,
            0x5c, 0xbf, 0xe9, 0x84, 0x44, 0x19, 0xd7, 0xc0, 0xd5, 0x30, 0x0b, 0xb0, 0xe7, 0x0d,
            0x46, 0x0a, 0x8f, 0xba, 0x62, 0x2f, 0xf6, 0x37, 0xb2, 0xf2, 0xa1, 0xa0, 0x81, 0xda,
            0x7c, 0xcd, 0xe7, 0xb9, 0xb6, 0x4b, 0x3d, 0x27, 0xd0, 0x9d, 0x77, 0x3c, 0x69, 0x9b,
            0x34, 0x10, 0xbe, 0x5c, 0x7b, 0x20, 0x84, 0x3a, 0x83, 0xf0, 0x1e, 0xa7, 0x00, 0x26,
            0x86, 0x16, 0x7b, 0x9a, 0xb8, 0x85, 0xc7, 0x6b, 0x11, 0x2e, 0xca, 0x7b, 0x16, 0x5c,
            0x56, 0x99, 0x59, 0x79, 0xd9, 0xa8, 0xce, 0x8e, 0xea, 0x5f, 0x54, 0x9a, 0xc6, 0x5b,
            0x41, 0xc9, 0x3b, 0xb9, 0x62, 0x74, 0xe4, 0x5e, 0x04, 0x13, 0xa6, 0xf0, 0x3c, 0x5c,
            0x24, 0xa6, 0xa6, 0xe2, 0xec, 0xc7, 0xe3, 0x03, 0xc5, 0xc0, 0xe7, 0xa2, 0x71, 0x45,
            0x7b, 0x26, 0x64, 0xa7, 0x51, 0xc4, 0x8e, 0x55, 0x69, 0x7a, 0x84, 0x27, 0x43, 0x45,
            0xca, 0x38, 0xe1, 0x91, 0x4a, 0xc2, 0x31, 0x6c, 0x57, 0xe0, 0x3b, 0x08, 0x10, 0x34,
            0x20, 0xe7, 0xab, 0x0b, 0x17, 0x81, 0xd2, 0xa3, 0x70, 0x0a, 0x48, 0x54, 0x50, 0x95,
            0x7e, 0xc5, 0x06, 0x49, 0x4d, 0xb4, 0x1a, 0xd5, 0x34, 0x91, 0x92, 0x43, 0x5d, 0xae,
            0x57, 0x28, 0xb6, 0xf4, 0x3f, 0xab, 0x26, 0x34, 0x84, 0x1b, 0xa1, 0xf7, 0x51, 0x03,
            0xf1, 0x40, 0x17, 0x31, 0x03, 0x2f, 0xb5, 0x7b, 0x28, 0xa1, 0xaa, 0x8d, 0xfc, 0x80,
            0x77, 0xbc, 0x37, 0xb3, 0x81, 0xbc, 0x7c, 0xff, 0x68, 0x26, 0x32, 0x7c, 0x04, 0xf5,
            0xf2, 0x50, 0xbb, 0x50, 0x51, 0xc2, 0x81, 0x3d, 0xc4, 0x04, 0x47, 0xad, 0xcc, 0x1b,
            0x46, 0xb8, 0xa2, 0x61, 0x68, 0xb1, 0x14, 0xe3, 0x33, 0xd9, 0x27, 0x3c, 0x44, 0x51,
            0x67, 0xe5, 0x14, 0x3e, 0x1f, 0x99, 0xb2, 0xf6, 0x15, 0x8d, 0xa5, 0x08, 0x7d, 0x17,
            0x27, 0x57, 0x60, 0x51, 0xc9, 0x35, 0x1d, 0x3b, 0x94, 0x59, 0xd6, 0x26, 0xb3, 0x3d,
            0x13, 0xdc, 0x76, 0xdd, 0x50, 0xc3, 0xfb, 0xb3, 0xd4, 0x08, 0xe0, 0x72, 0x88, 0x74,
        ],
        encap_seed: &[
            0x8f, 0xb8, 0x90, 0x6c, 0x16, 0xc4, 0xd8, 0x19, 0x0f, 0x59, 0xc2, 0x54, 0xb1, 0xea,
            0xa5, 0x37, 0xd4, 0x6a, 0x71, 0xe8, 0x64, 0xf2, 0xab, 0xac, 0x5c, 0xc8, 0x7b, 0x79,
            0x42, 0x0c, 0xa7, 0x62,
        ],
        cipher_text_sha384: &[
            0x90, 0x06, 0x06, 0x24, 0x00, 0x1d, 0x2d, 0x4a, 0xd2, 0xdd, 0x59, 0x19, 0x6e, 0x64,
            0xe8, 0x74, 0xb2, 0x44, 0x5d, 0x38, 0x4f, 0x02, 0x0e, 0x9b, 0x0f, 0x2a, 0x9d, 0x30,
            0xb2, 0x1d, 0x60, 0xa1, 0xca, 0x36, 0xbb, 0x93, 0xd4, 0xfb, 0x3a, 0x0e, 0x28, 0x95,
            0x84, 0x2f, 0x6a, 0x53, 0xee, 0x74,
        ],
        shared_secret: &[
            0x61, 0x15, 0xdc, 0x92, 0x93, 0x59, 0x78, 0x7b, 0xb8, 0x7d, 0x4d, 0x66, 0x8e, 0xc7,
            0x53, 0x37, 0x4d, 0x19, 0x64, 0x24, 0x92, 0x32, 0xe7, 0x87, 0x5a, 0x0b, 0x1f, 0x2b,
            0xa1, 0x39, 0x41, 0x85,
        ],
        decap_private_key: &[
            0xbf, 0x33, 0x79, 0x33, 0x94, 0x25, 0xbb, 0x61, 0x98, 0xf9, 0xba, 0x56, 0x89, 0x17,
            0xad, 0x17, 0x28, 0x05, 0xa5, 0x75, 0x40, 0xf6, 0xc1, 0x64, 0x84, 0x9a, 0x63, 0xf2,
            0xd7, 0xc5, 0x44, 0x20, 0x93, 0x9b, 0x69, 0x9e, 0x35, 0xb7, 0x96, 0x1f, 0x69, 0x18,
            0xbd, 0x03, 0x62, 0x2c, 0x38, 0x47, 0xce, 0xb4, 0x9a, 0x64, 0xc7, 0x26, 0xca, 0x92,
            0x35, 0x7d, 0xa1, 0x6c, 0xa9, 0x0c, 0xc8, 0xcf, 0x63, 0x7d, 0xa1, 0xbb, 0x79, 0x2b,
            0x99, 0xa1, 0x00, 0x89, 0x22, 0x3d, 0xf8, 0x25, 0xe3, 0x38, 0x40, 0xfd, 0xdb, 0x62,
            0xe8, 0x32, 0x6d, 0x6f, 0x9a, 0xc9, 0xaf, 0x47, 0xc3, 0xcf, 0x12, 0x41, 0x7d, 0xb9,
            0x20, 0x1e, 0x24, 0x69, 0x8f, 0x6b, 0x05, 0xa1, 0x9b, 0x5e, 0x3f, 0xc6, 0x11, 0x75,
            0x0b, 0x97, 0xb3, 0xab, 0x98, 0x5d, 0xa2, 0x43, 0xfe, 0xa1, 0x66, 0x25, 0xe4, 0xb6,
            0x25, 0x96, 0x88, 0x2c, 0xa3, 0x47, 0xb9, 0xea, 0x04, 0x63, 0x22, 0x19, 0x81, 0x13,
            0x45, 0x73, 0x19, 0x40, 0x13, 0xc3, 0x23, 0x14, 0x95, 0x31, 0x29, 0xa8, 0xab, 0x72,
            0x20, 0x4e, 0x18, 0xf1, 0xad, 0x9a, 0x25, 0x24, 0xa5, 0x61, 0xb4, 0x8e, 0x47, 0x51,
            0xdb, 0x7a, 0x80, 0xb9, 0xf0, 0x92, 0xa7, 0x7b, 0x0a, 0x3c, 0x01, 0x2c, 0x2d, 0xca,
            0x21, 0x8c, 0x3b, 0x5c, 0x0b, 0xda, 0x25, 0x2b, 0xfb, 0xca, 0x2e, 0xc6, 0x00, 0x84,
            0x69, 0x5f, 0x34, 0xc5, 0x9d, 0x15, 0x16, 0x61, 0xcb, 0x27, 0x85, 0xaa, 0xd7, 0xcc,
            0xa6, 0xc6, 0xb4, 0xfc, 0x81, 0x97, 0x9a, 0x61, 0x0b, 0xcb, 0x77, 0xc8, 0x5f, 0xd4,
            0x18, 0x3d, 0xe9, 0x71, 0x11, 0x22, 0x15, 0x50, 0x97, 0x3f, 0x37, 0x8b, 0x7a, 0x73,
            0x85, 0x91, 0x8b, 0x4c, 0xb7, 0xf9, 0xcb, 0x48, 0x8d, 0x05, 0x3c, 0x06, 0x7b, 0x9d,
            0x13, 0xc1, 0x0e, 0x41, 0xb2, 0x1d, 0x68, 0xb7, 0x65, 0xa7, 0x47, 0x62, 0xac, 0xc9,
            0x0c, 0xd6, 0xf0, 0x44, 0xe7, 0x90, 0xc5, 0x9c, 0xe6, 0x23, 0x5b, 0xe9, 0x35, 0x31,
            0x67, 0xc0, 0x38, 0xa8, 0x24, 0xad, 0x48, 0x29, 0xf4, 0x11, 0x68, 0x6d, 0xf7, 0x8d,
            0x53, 0x4b, 0xa3, 0xdc, 0x28, 0xab, 0xf8, 0x77, 0x52, 0x54, 0xa3, 0x30, 0xb6, 0x34,
            0x4f, 0xec, 0x77, 0x58, 0x39, 0xe7, 0xc1, 0xf7, 0x37, 0xce, 0xff, 0xe2, 0xaf, 0xc2,
            0xf1, 0x5e, 0xf4, 0xc3, 0x2b, 0x18, 0xc6, 0xb4, 0xd9, 0xc7, 0x0d, 0xcb, 0x70, 0xc2,
            0xc7, 0x97, 0xba, 0x1e, 0xa4, 0x67, 0xbf, 0xf3, 0xcf, 0x08, 0x52, 0x83, 0x25, 0x52,
            0x30, 0xa6, 0x21, 0x46, 0xf0, 0xf4, 0x11, 0x1b, 0x84, 0x65, 0x50, 0xc8, 0x73, 0xa5,
            0xc0, 0x68, 0x73, 0xcb, 0x4e, 0xa7, 0xd9, 0xc4, 0xf7, 0x08, 0x57, 0x68, 0xba, 0xa0,
            0x87, 0x62, 0xbd, 0xd9, 0xa7, 0x05, 0xf6, 0x95, 0x74, 0xb8, 0x72, 0x61, 0x7a, 0xb5,
            0x68, 0x07, 0x79, 0x17, 0xf1, 0xc9, 0x7f, 0xe1, 0x33, 0x6b, 0xda, 0x4a, 0x4f, 0x37,
            0x12, 0x12, 0xc6, 0xe8, 0xc1, 0xa2, 0x28, 0xce, 0xc9, 0x40, 0xab, 0xfa, 0x04, 0x46,
            0xb5, 0x91, 0x01, 0xec, 0x01, 0x14, 0xd5, 0x5c, 0x0a, 0x29, 0xe2, 0x3b, 0xd9, 0xf3,
            0xce, 0x9f, 0xd8, 0x85, 0x1e, 0x64, 0xa8, 0xb4, 0x62, 0x32, 0x16, 0x80, 0x5b, 0x9e,
            0xa9, 0x91, 0x17, 0x69, 0x28, 0x5e, 0x60, 0x62, 0xd6, 0x7c, 0x2e, 0x9f, 0x59, 0x65,
            0x67, 0xe1, 0x2c, 0x3a, 0x56, 0xc1, 0xf6, 0xa2, 0xa7, 0x0f, 0x83, 0xc2, 0x1d, 0xc0,
            0xbd, 0x1f, 0x70, 0x2e, 0x08, 0xca, 0x4a, 0xe3, 0x40, 0xb0, 0x81, 0x0b, 0xb7, 0xd1,
            0x58, 0x24, 0x32, 0xac, 0x29, 0xcc, 0xa5, 0xac, 0x75, 0xdb, 0x37, 0xcc, 0xe8, 0xc8,
            0x07, 0x42, 0xbf, 0x1a, 0x83, 0x23, 0x08, 0x43, 0x5f, 0x42, 0x81, 0x08, 0xeb, 0x6a,
            0x62, 0xda, 0xa0, 0x10, 0x7f, 0x03, 0xb1, 0x70, 0x07, 0x22, 0x1e, 0x6c, 0x33, 0xa6,
            0x69, 0x88, 0x6c, 0xe6, 0x27, 0xce, 0xd3, 0x2b, 0x64, 0x4c, 0x90, 0x5b, 0xd3, 0x33,
            0xcd, 0xc8, 0x1b, 0x88, 0x19, 0x90, 0x2a, 0x50, 0x3f, 0x23, 0x31, 0x25, 0xec, 0x84,
            0x66, 0x28, 0xa3, 0x1e, 0x29, 0x65, 0xb6, 0xe0, 0xfc, 0xa5, 0x60, 0xe9, 0xcb, 0x00,
            0x16, 0x60, 0x99, 0x53, 0x51, 0xcb, 0xd0, 0xad, 0xef, 0xe7, 0xa9, 0x99, 0xe2, 0x72,
            0x90, 0x52, 0xa7, 0xa6, 0x57, 0x66, 0x2c, 0x84, 0x50, 0x8d, 0x5c, 0x91, 0x20, 0xbc,
            0x74, 0x58, 0x4a, 0x54, 0x7b, 0x01, 0xa2, 0x04, 0x17, 0x3e, 0xdf, 0x24, 0x91, 0x98,
            0xb7, 0x6e, 0x4b, 0xd7, 0xb2, 0x1e, 0x24, 0x0c, 0x2a, 0x4c, 0xbc, 0x46, 0x36, 0x84,
            0x6c, 0x36, 0x9a, 0x3f, 0x29, 0x0c, 0x24, 0x4a, 0x55, 0xec, 0x13, 0x41, 0x5e, 0xca,
            0xb6, 0xb8, 0x74, 0xc1, 0x8e, 0x33, 0x29, 0x35, 0x18, 0xa2, 0x94, 0x74, 0x4e, 0xb3,
            0x02, 0xae, 0xa5, 0x00, 0x79, 0x5f, 0xfb, 0x61, 0x86, 0x74, 0x19, 0xef, 0xc1, 0x7a,
            0x70, 0x45, 0x8c, 0x7a, 0x71, 0x39, 0xcd, 0x25, 0x79, 0x00, 0x56, 0xbc, 0x12, 0xc9,
            0xcb, 0x39, 0xcc, 0x65, 0xc6, 0xe4, 0x36, 0xc7, 0x35, 0xa9, 0xfd, 0xab, 0x57, 0x01,
            0x33, 0x90, 0xbe, 0x48, 0x88, 0xda, 0xc0, 0x3d, 0x51, 0x24, 0x7c, 0x84, 0x22, 0x53,
            0x6a, 0x23, 0x35, 0xa2, 0xc7, 0x1f, 0x2c, 0x56, 0x1f, 0x38, 0xa8, 0x66, 0x76, 0x79,
            0x35, 0xbe, 0x9a, 0x08, 0x72, 0x0b, 0x69, 0xae, 0x01, 0x85, 0xa3, 0xb0, 0xcc, 0x32,
            0x94, 0x90, 0xbb, 0xf0, 0xa6, 0x2c, 0xbb, 0xc1, 0xff, 0x04, 0xb4, 0x11, 0x93, 0xb6,
            0x02, 0xd7, 0xbe, 0x82, 0x59, 0x44, 0xc1, 0xda, 0x48, 0xda, 0x3c, 0x92, 0x32, 0xc2,
            0xc3, 0xba, 0x64, 0x99, 0xe3, 0xfb, 0x6d, 0x99, 0xf0, 0xc3, 0xe7, 0x98, 0x98, 0xd3,
            0x86, 0x3b, 0xfc, 0xd6, 0x41, 0xc2, 0x33, 0x5a, 0xd0, 0xac, 0x98, 0xa6, 0xb6, 0x36,
            0xe3, 0xd9, 0x38, 0xdf, 0x6c, 0x6d, 0x38, 0x91, 0x63, 0x32, 0xf8, 0x08, 0x80, 0x2b,
            0xa1, 0xac, 0x4a, 0x92, 0x53, 0xa2, 0x98, 0x40, 0xc8, 0x1b, 0x95, 0x14, 0x74, 0xb7,
            0x8c, 0x3a, 0x87, 0xd5, 0xb8, 0x73, 0x02, 0x30, 0x62, 0x7a, 0x65, 0xe2, 0x29, 0x09,
            0xa4, 0x08, 0x67, 0x42, 0x49, 0xae, 0xae, 0xa2, 0x4f, 0x2c, 0xc4, 0x99, 0x24, 0xa7,
            0x33, 0x3c, 0x57, 0x45, 0x60, 0x9c, 0x87, 0x64, 0x91, 0x07, 0x9b, 0xba, 0x5d, 0x96,
            0x99, 0x40, 0x00, 0xf5, 0x0a, 0x03, 0xdc, 0x3a, 0xf7, 0x90, 0x3f, 0xf7, 0xeb, 0x32,
            0x9c, 0xba, 0x6d, 0x18, 0x80, 0x0b, 0xc1, 0xf1, 0x3c, 0xe3, 0xd2, 0x9f, 0xf7, 0x55,
            0x15, 0x00, 0xe0, 0x86, 0xf5, 0xf8, 0x39, 0x50, 0xd1, 0x80, 0x87, 0xc3, 0x03, 0xb3,
            0x41, 0x18, 0xbe, 0x29, 0xa2, 0x8d, 0x07, 0x1a, 0xbd, 0xd0, 0x50, 0x90, 0xa5, 0xa8,
            0xb2, 0x7a, 0xb1, 0xd5, 0x3a, 0x22, 0x04, 0x7a, 0x4a, 0x5e, 0xd3, 0x63, 0x02, 0xea,
            0xbc, 0xe8, 0xc8, 0x4f, 0x45, 0xeb, 0xb7, 0x44, 0x2a, 0x3f, 0x47, 0xa9, 0x9c, 0x42,
            0x6b, 0x58, 0x87, 0x08, 0x3d, 0x1e, 0x01, 0x2c, 0x3e, 0x14, 0x38, 0x9f, 0xd3, 0xb7,
            0xe0, 0x60, 0x9e, 0x27, 0x87, 0x7d, 0xe1, 0x46, 0xc7, 0x68, 0x07, 0x5f, 0x2f, 0x54,
            0x87, 0x74, 0x90, 0xc8, 0x4a, 0x3c, 0x13, 0x60, 0xa9, 0x02, 0x54, 0x00, 0x43, 0xf9,
            0x46, 0x1b, 0x1e, 0x40, 0xa5, 0x3c, 0xa3, 0x20, 0xd3, 0x3a, 0x75, 0xcf, 0xd6, 0x56,
            0x5a, 0xb5, 0x7a, 0x5e, 0xa3, 0x0f, 0xdc, 0x29, 0x8e, 0x32, 0x29, 0x3f, 0x61, 0xc1,
            0x88, 0x09, 0xe8, 0xb4, 0xec, 0x6c, 0x23, 0x85, 0x43, 0xbd, 0xda, 0xe1, 0x59, 0x80,
            0x68, 0x38, 0xf5, 0xa3, 0x34, 0x8e, 0x76, 0x00, 0x56, 0x91, 0xcd, 0x8e, 0x2c, 0x51,
            0x6c, 0x56, 0x82, 0xc8, 0x1c, 0x49, 0xcc, 0x2a, 0x87, 0xe0, 0x81, 0x0f, 0x16, 0x14,
            0x0d, 0xdd, 0xfc, 0x2b, 0xa0, 0x51, 0x79, 0x4a, 0x43, 0x84, 0x22, 0x49, 0x00, 0x7c,
            0x64, 0x80, 0x85, 0x70, 0x47, 0x24, 0x32, 0x82, 0x81, 0x6a, 0x24, 0x9b, 0x6c, 0x38,
            0x92, 0x47, 0x22, 0xa6, 0x51, 0x5c, 0xfd, 0x83, 0xc5, 0x1c, 0x9b, 0x6b, 0x50, 0x51,
            0x51, 0xee, 0xe9, 0x20, 0x8d, 0x66, 0x9f, 0xf2, 0x15, 0x34, 0x17, 0xfc, 0x9c, 0x46,
            0x82, 0x00, 0xdc, 0x00, 0x58, 0xf6, 0x70, 0x7c, 0x0b, 0x7b, 0xb7, 0x9b, 0xe3, 0x8f,
            0x8f, 0x4a, 0x62, 0xe7, 0x2a, 0xad, 0x26, 0x02, 0x46, 0x0b, 0x68, 0x57, 0xa6, 0x8b,
            0xca, 0x0b, 0x0b, 0x15, 0x16, 0xa5, 0x3e, 0x2c, 0x14, 0xc2, 0x99, 0xd1, 0xc1, 0xb5,
            0xf9, 0x2c, 0x3c, 0x2a, 0xcc, 0xd9, 0x46, 0x4e, 0x70, 0x04, 0x1a, 0x54, 0xa4, 0x9a,
            0xe5, 0xc2, 0x8e, 0xce, 0x20, 0x1f, 0x0e, 0xe4, 0xc4, 0x2f, 0xa5, 0x0e, 0xeb, 0x0b,
            0xc3, 0x77, 0xa7, 0xc5, 0x02, 0xec, 0xbb, 0x8e, 0x78, 0x19, 0x73, 0xe1, 0x47, 0x2a,
            0x98, 0x92, 0x13, 0xfc, 0x01, 0x57, 0x47, 0x15, 0xe2, 0x04, 0xcc, 0x83, 0xa9, 0x03,
            0x1e, 0xe0, 0xa0, 0x44, 0x6a, 0x3e, 0xb9, 0xb9, 0x35, 0x9f, 0x50, 0x75, 0xda, 0xfa,
            0x56, 0xdd, 0x2b, 0x0e, 0x0d, 0xea, 0x59, 0x33, 0xf4, 0x14, 0xc6, 0xa1, 0x57, 0x2b,
            0xd8, 0xc5, 0xd7, 0x03, 0x07, 0x37, 0x66, 0x9c, 0x39, 0x19, 0x5c, 0x15, 0x61, 0x8b,
            0x5e, 0x51, 0x19, 0x98, 0x95, 0xce, 0x0a, 0x7c, 0x54, 0x1e, 0x46, 0x50, 0x9f, 0x63,
            0x96, 0x0a, 0x67, 0x59, 0xb5, 0xa3, 0x3d, 0x6a, 0xda, 0xcd, 0x66, 0x14, 0x8e, 0xcd,
            0xf7, 0x58, 0x93, 0x89, 0x94, 0xd7, 0x2b, 0x30, 0x79, 0x2b, 0x56, 0x1a, 0x88, 0x03,
            0x5b, 0xe4, 0xa3, 0xc8, 0x19, 0x07, 0xf8, 0x3a, 0x76, 0x25, 0x94, 0x81, 0x32, 0xb9,
            0x28, 0x22, 0x16, 0x1f, 0xbc, 0x79, 0x99, 0x9e, 0xc6, 0x5b, 0xcd, 0x4b, 0x72, 0x4b,
            0x59, 0xc2, 0x69, 0x57, 0xba, 0x66, 0xc7, 0x4f, 0xef, 0x56, 0x88, 0x56, 0x1b, 0x69,
            0x23, 0xf1, 0x2f, 0x57, 0x1a, 0xc8, 0x85, 0x61, 0x36, 0x12, 0x67, 0x8b, 0x2e, 0x2c,
            0xa0, 0x97, 0x70, 0xc3, 0x92, 0x98, 0x74, 0xac, 0x20, 0x34, 0x4e, 0x15, 0x4b, 0x3c,
            0x2c, 0x55, 0x6e, 0x72, 0x9b, 0xc0, 0xc2, 0xc5, 0xf9, 0xa6, 0x87, 0x7d, 0x99, 0xbf,
            0xb1, 0xfc, 0x7a, 0x31, 0x49, 0x86, 0xe1, 0x48, 0x5f, 0x77, 0xe0, 0x53, 0x69, 0x25,
            0x5b, 0xb0, 0x08, 0x0d, 0x50, 0xb9, 0x7b, 0x88, 0x65, 0x6d, 0x1d, 0xd8, 0x2c, 0x83,
            0xd6, 0x2a, 0xa1, 0xbb, 0xc0, 0x1b, 0xe8, 0xa9, 0x8c, 0x96, 0xb7, 0x7b, 0x30, 0x16,
            0x5f, 0x26, 0x61, 0xe0, 0xa5, 0x8f, 0x94, 0x86, 0x48, 0xf3, 0x41, 0x1a, 0xa0, 0xcc,
            0x9a, 0x35, 0x21, 0x19, 0xbe, 0x38, 0x1e, 0x3e, 0xbc, 0x89, 0xdb, 0x10, 0x4b, 0x58,
            0xf7, 0x47, 0xe7, 0x06, 0x8d, 0xc7, 0x04, 0xaa, 0x27, 0xa8, 0x24, 0x52, 0x60, 0x42,
            0x7a, 0x07, 0x6b, 0x83, 0x45, 0x58, 0x92, 0xf9, 0xcd, 0x57, 0x55, 0x8f, 0x54, 0x99,
            0x51, 0x8b, 0x73, 0x11, 0xeb, 0x17, 0x60, 0x02, 0x50, 0x15, 0x7f, 0x72, 0x87, 0x30,
            0x00, 0x91, 0x27, 0x16, 0x2d, 0x28, 0xf6, 0x98, 0xf9, 0xd7, 0x10, 0x94, 0xc7, 0x7f,
            0x2c, 0x72, 0x2a, 0x3c, 0xf4, 0x17, 0x17, 0xb9, 0xa6, 0xa7, 0x24, 0x33, 0xf6, 0xe0,
            0xc4, 0xfc, 0x22, 0x0e, 0x12, 0xa9, 0xb7, 0x33, 0x14, 0x6f, 0xe4, 0x88, 0x93, 0x62,
            0xb0, 0x8b, 0x29, 0x25, 0x8d, 0xf0, 0xb5, 0xcb, 0xb0, 0x03, 0x67, 0xc5, 0xa6, 0x2c,
            0x9b, 0xc2, 0x40, 0xc6, 0x05, 0xac, 0x2a, 0xd8, 0x5e, 0x9a, 0x8c, 0x07, 0xa5, 0x11,
            0x0d, 0x9b, 0x63, 0x62, 0xca, 0xba, 0x5c, 0x22, 0xe0, 0x4e, 0xbf, 0x2c, 0xce, 0xf4,
            0xeb, 0x04, 0x2d, 0x88, 0xce, 0x30, 0x8c, 0xb9, 0x51, 0x90, 0x80, 0x9b, 0xc7, 0x11,
            0xb9, 0x19, 0x2b, 0xbf, 0x11, 0xa0, 0xee, 0x44, 0x0a, 0x78, 0xe5, 0xc8, 0x65, 0x34,
            0x3a, 0x56, 0xe0, 0xbc, 0x61, 0x94, 0x07, 0x88, 0x01, 0xb8, 0x10, 0x99, 0x7c, 0xff,
            0x53, 0x78, 0x55, 0xb9, 0x3e, 0x89, 0xb1, 0xb0, 0xef, 0x3b, 0x18, 0x56, 0xa8, 0x47,
            0x3f, 0x82, 0x23, 0xf1, 0x69, 0x28, 0xe0, 0x33, 0x73, 0xfe, 0x06, 0x14, 0xb9, 0xe8,
            0x3b, 0x9a, 0x9a, 0xb5, 0x5e, 0x96, 0x5b, 0x08, 0x61, 0xc1, 0xca, 0x7b, 0x49, 0xaf,
            0x24, 0xc1, 0x6c, 0x51, 0x14, 0x39, 0xd2, 0x4a, 0xf0, 0xe1, 0x05, 0x22, 0x2b, 0x20,
            0xc5, 0x7b, 0x2f, 0x02, 0x70, 0xb4, 0x43, 0xc5, 0xc1, 0xdb, 0xf4, 0x26, 0xc4, 0x83,
            0x29, 0xf5, 0x84, 0x5c, 0x19, 0x0c, 0x09, 0x7e, 0x74, 0x8e, 0xd4, 0xc8, 0x17, 0x95,
            0x5a, 0x2d, 0x4c, 0xc2, 0x68, 0x5b, 0x87, 0x0b, 0x5e, 0x75, 0x55, 0xf5, 0x97, 0x2e,
            0x52, 0xa2, 0x78, 0xe9, 0x00, 0x21, 0x28, 0x14, 0x67, 0x33, 0xb7, 0x00, 0x00, 0xed,
            0x0f, 0x52, 0x42, 0xb6, 0x08, 0x0c, 0x3f, 0x7e, 0x82, 0x4e, 0xbe, 0xbb, 0x03, 0x64,
            0xb3, 0x0a, 0xfc, 0x13, 0x8b, 0xf0, 0x50, 0xa9, 0xef, 0x3b, 0xca, 0xbe, 0x61, 0x47,
            0x69, 0xd4, 0x1b, 0xbe, 0x66, 0x28, 0x45, 0x14, 0xb1, 0xf1, 0xa2, 0x25, 0x1b, 0x95,
            0x42, 0x9f, 0xe6, 0x20, 0xc6, 0x16, 0x31, 0xfb, 0x7a, 0x54, 0x9e, 0xe9, 0x12, 0xb4,
            0x8c, 0x7f, 0x2e, 0x24, 0x93, 0x36, 0xc4, 0x85, 0xf3, 0xd7, 0xb2, 0xe3, 0x4c, 0x5b,
            0x69, 0x9b, 0x5f, 0xa3, 0x84, 0x41, 0x8c, 0xe7, 0x9b, 0x52, 0x75, 0x54, 0x54, 0x80,
            0x2d, 0x89, 0x11, 0x3e, 0xbe, 0xc2, 0xa7, 0xb7, 0xb2, 0xbf, 0xa6, 0x14, 0x53, 0xc2,
            0x75, 0x57, 0x3c, 0xc0, 0x8b, 0xe0, 0x14, 0xb7, 0x75, 0xf7, 0x1d, 0xdd, 0x3a, 0x3b,
            0xe2, 0xb8, 0xb8, 0x1b, 0xe8, 0xb4, 0x4c, 0x48, 0x4f, 0xcd, 0xc9, 0x8d, 0xc9, 0x71,
            0x57, 0x47, 0x89, 0x10, 0x64, 0xd1, 0x20, 0x17, 0x66, 0x20, 0xd6, 0x02, 0x41, 0x3a,
            0xab, 0x8a, 0x80, 0xc1, 0x38, 0xde, 0x72, 0x98, 0x10, 0xda, 0x12, 0xad, 0x79, 0x3c,
            0xa8, 0xb0, 0x23, 0x4a, 0x61, 0x3c, 0x9c, 0x6a, 0x24, 0xb9, 0x26, 0x4c, 0xa4, 0xc4,
            0xb7, 0x60, 0x64, 0x94, 0x6b, 0xcc, 0x60, 0xa5, 0xd3, 0x2e, 0x8b, 0xba, 0x35, 0xb3,
            0xa9, 0x54, 0x7d, 0xf7, 0x29, 0x17, 0x84, 0x96, 0xf0, 0xc2, 0x17, 0xe1, 0x00, 0x0c,
            0xb1, 0x99, 0x8c, 0x62, 0x39, 0x21, 0xc2, 0xb9, 0x57, 0x18, 0x27, 0x2b, 0xb6, 0x93,
            0x5d, 0x52, 0x47, 0xc5, 0x5c, 0x6a, 0xba, 0xdb, 0x54, 0x07, 0xf1, 0xc0, 0x94, 0x44,
            0x67, 0xbd, 0x78, 0x77, 0xa4, 0xb1, 0x91, 0x5f, 0x44, 0x51, 0x7d, 0xa6, 0x20, 0x42,
            0x43, 0xa8, 0x8d, 0xcb, 0xcc, 0x3e, 0x91, 0x5b, 0x11, 0xdf, 0x91, 0x49, 0x7e, 0xc7,
            0x06, 0xdf, 0xd9, 0x78, 0x2c, 0xbc, 0x57, 0xb9, 0x8c, 0x5d, 0xe0, 0xf8, 0x93, 0x47,
            0x74, 0x5b, 0x25, 0x7a, 0x94, 0x3a, 0x95, 0x8e, 0x28, 0x44, 0x50, 0x28, 0x70, 0xb0,
            0x78, 0xa4, 0xb4, 0x60, 0xc8, 0x89, 0xc5, 0x29, 0x67, 0xd3, 0x43, 0x1d, 0x3a, 0x35,
            0x0e, 0x25, 0xc2, 0x5c, 0xbc, 0xe7, 0x8b, 0x75, 0x45, 0xbe, 0x95, 0xa8, 0x82, 0x23,
            0x15, 0xbb, 0xf1, 0x1a, 0x94, 0x21, 0x14, 0x80, 0xca, 0x0b, 0x9b, 0x3d, 0x85, 0x9d,
            0x97, 0x1a, 0x6a, 0x69, 0x8a, 0x59, 0x7c, 0x20, 0x2c, 0x77, 0x4c, 0x53, 0x51, 0x82,
            0x93, 0xb9, 0xe8, 0xc1, 0xc2, 0xdc, 0x8b, 0x24, 0xc2, 0x48, 0xc1, 0x0a, 0x2a, 0x7c,
            0xd3, 0xcd, 0xba, 0xa7, 0x4b, 0xdd, 0x03, 0x5a, 0x8f, 0xb3, 0x74, 0xed, 0x56, 0xcd,
            0x37, 0xd5, 0x81, 0xce, 0x8c, 0xae, 0x27, 0x14, 0xbd, 0x08, 0x36, 0xc3, 0x40, 0x6c,
            0x26, 0x53, 0x17, 0x4e, 0x3a, 0x7c, 0x58, 0xab, 0x69, 0x02, 0xd4, 0xca, 0x17, 0xf3,
            0xfa, 0x41, 0x6b, 0x6c, 0x1b, 0xe2, 0xe4, 0x9b, 0xea, 0xd1, 0x03, 0x72, 0x45, 0x86,
            0x1a, 0x56, 0x9b, 0x23, 0xf7, 0x06, 0x08, 0x01, 0x00, 0x14, 0x64, 0x8c, 0xbe, 0x2b,
            0x0e, 0x31, 0x85, 0x74, 0x3a, 0x90, 0xbc, 0x09, 0x30, 0x3f, 0x9e, 0x08, 0xb9, 0xaf,
            0x90, 0xb5, 0x50, 0x2a, 0xbc, 0xfa, 0x62, 0xa3, 0x67, 0x8b, 0x1b, 0x64, 0x78, 0x39,
            0xb6, 0x29, 0x61, 0x00, 0xbb, 0x8b, 0x9b, 0xe1, 0x26, 0xba, 0xc6, 0x58, 0xc9, 0x42,
            0x14, 0x50, 0x8a, 0x56, 0x30, 0x26, 0x43, 0xcf, 0xec, 0x81, 0x48, 0x05, 0xb9, 0x9c,
            0x96, 0xae, 0xca, 0x5c, 0x3f, 0xb6, 0x21, 0x06, 0xb7, 0x50, 0xa0, 0xb5, 0x56, 0x0a,
            0xf4, 0x60, 0xaf, 0xfa, 0xd2, 0x32, 0x71, 0x87, 0x14, 0x75, 0x11, 0x2a, 0xaf, 0xa1,
            0x87, 0x09, 0xbc, 0xb4, 0x50, 0xe0, 0xc7, 0x46, 0xe7, 0xa0, 0x1e, 0xea, 0x17, 0xb0,
            0x32, 0x24, 0x66, 0xa5, 0x49, 0xe9, 0x17, 0x56, 0x45, 0x34, 0x51, 0xe6, 0x3a, 0x9b,
            0x81, 0x60, 0xad, 0x28, 0x53, 0x5a, 0xeb, 0x55, 0x7e, 0x96, 0x93, 0x7a, 0x48, 0xb7,
            0xb6, 0x6c, 0x52, 0x10, 0x7d, 0xc7, 0x41, 0xf8, 0x06, 0xd0, 0x70, 0x13, 0x0a, 0x0c,
            0x15, 0xbc, 0xbc, 0x99, 0x91, 0x5e, 0x28, 0x01, 0x89, 0x8c, 0x71, 0x51, 0x46, 0x53,
            0xe2, 0x6a, 0xcc, 0x1e, 0x81, 0x00, 0x20, 0x19, 0xb9, 0x81, 0xa5, 0x4a, 0x66, 0x3c,
            0xac, 0x6e, 0x2b, 0x86, 0xb9, 0xf1, 0x6b, 0xba, 0xd6, 0x12, 0x87, 0x09, 0x53, 0xb4,
            0x69, 0xc7, 0xb3, 0x97, 0x2c, 0x3f, 0xe9, 0x9a, 0x2d, 0x10, 0x36, 0xaa, 0x34, 0x2c,
            0x96, 0x49, 0x12, 0xcd, 0xdb, 0x12, 0x9a, 0xcb, 0x81, 0xc9, 0xf2, 0x8e, 0x63, 0xb0,
            0x04, 0x65, 0x06, 0xbb, 0x9d, 0x31, 0x93, 0xc6, 0x58, 0xb4, 0x66, 0xc5, 0x88, 0x76,
            0xb0, 0x2b, 0x35, 0x14, 0xb4, 0xad, 0x00, 0x63, 0xb5, 0x48, 0xaf, 0x95, 0xd0, 0xc1,
            0xbd, 0xb6, 0x62, 0xee, 0xb3, 0x86, 0xee, 0x13, 0x95, 0x69, 0x42, 0x0a, 0xa6, 0xa4,
            0x15, 0xb5, 0x44, 0x7a, 0x49, 0x0a, 0x20, 0x06, 0xb1, 0x3e, 0x76, 0xec, 0x63, 0x65,
            0x23, 0x2c, 0xd9, 0x82, 0xa0, 0xc9, 0xe4, 0x0b, 0x52, 0xc1, 0xa6, 0x04, 0x1a, 0x4a,
            0x04, 0x59, 0x12, 0x2d, 0xf7, 0xab, 0x0d, 0x59, 0x10, 0x10, 0x83, 0xca, 0x3c, 0xc7,
            0x7b, 0x52, 0xa8, 0x0a, 0xca, 0xc3, 0xb3, 0xe3, 0xa2, 0x2f, 0x9a, 0x1a, 0x53, 0x42,
            0x74, 0x37, 0x5e, 0xf5, 0x7d, 0x44, 0xf9, 0xac, 0x75, 0x7a, 0x49, 0x33, 0x9b, 0xa0,
            0x90, 0x19, 0xb5, 0x23, 0xd5, 0x6e, 0x9d, 0x7a, 0xa1, 0x27, 0x23, 0x45, 0x94, 0x73,
            0xc2, 0x2d, 0x3b, 0x0a, 0x3d, 0x12, 0x02, 0xfe, 0xc6, 0x47, 0x5f, 0x13, 0x74, 0x8e,
            0x81, 0xc3, 0x3d, 0xa4, 0x05, 0x06, 0x78, 0x35, 0x9f, 0xf7, 0xb6, 0x06, 0x6b, 0x89,
            0x10, 0x94, 0x5c, 0xa9, 0x2a, 0x1e, 0x35, 0xaa, 0x76, 0xa8, 0x39, 0x4d, 0x22, 0xe7,
            0x90, 0x53, 0xdb, 0x2d, 0xb0, 0xca, 0x1f, 0x96, 0x47, 0x2a, 0x35, 0x7a, 0x0a, 0xa6,
            0x36, 0xbb, 0xdd, 0x7a, 0x38, 0x36, 0x92, 0x3b, 0xa7, 0xa4, 0x70, 0xf2, 0x91, 0x1d,
            0xf3, 0x55, 0x05, 0x12, 0x33, 0x8c, 0x1f, 0x0c, 0x52, 0x17, 0x5b, 0x74, 0x16, 0xe0,
            0x71, 0x3a, 0x69, 0xb0, 0xf2, 0xb5, 0x30, 0x96, 0x31, 0x89, 0xe6, 0xaa, 0x92, 0x4b,
            0xaa, 0x62, 0x02, 0xf5, 0x1b, 0xf7, 0x9c, 0x9d, 0xc5, 0x83, 0x92, 0x9a, 0x1c, 0x32,
            0xdc, 0xf7, 0xb0, 0x29, 0xa1, 0x83, 0x19, 0x94, 0x90, 0xb0, 0x21, 0xbb, 0xb7, 0xf8,
            0xbc, 0x20, 0x0b, 0x27, 0x01, 0x2a, 0x9a, 0x2e, 0xdb, 0x1c, 0x11, 0x98, 0x38, 0xc6,
            0xf0, 0xc9, 0x8a, 0x76, 0xc4, 0xc9, 0x86, 0x62, 0x02, 0x1b, 0x4a, 0xbf, 0x54, 0x5b,
            0xe6, 0xd4, 0xc1, 0xe6, 0x80, 0x8e, 0x75, 0x48, 0x19, 0x48, 0xf5, 0x79, 0x66, 0xf8,
            0x44, 0xed, 0x6a, 0x13, 0x3e, 0x3b, 0xac, 0x13, 0xc8, 0x75, 0xdf, 0x4c, 0x20, 0xf2,
            0x7b, 0x39, 0x46, 0x13, 0x4b, 0xce, 0x26, 0x12, 0x75, 0x0b, 0x2e, 0x3c, 0x4b, 0x44,
            0x3f, 0xa2, 0xcd, 0x1e, 0xf7, 0x48, 0xbb, 0xf7, 0x83, 0x1c, 0x87, 0x53, 0x3d, 0x56,
            0xbf, 0xcd, 0x9c, 0x13, 0x07, 0x60, 0x4d, 0x8d, 0xca, 0x2d, 0x4a, 0xd7, 0x59, 0xf7,
            0xc6, 0x12, 0x7f, 0x8c, 0x97, 0xa2, 0x58, 0x0f, 0x3c, 0x1a, 0x5a, 0xcd, 0x5c, 0x0b,
            0x26, 0x44, 0x25, 0x32, 0x47, 0x53, 0xcd, 0xf8, 0x6a, 0x79, 0xa9, 0x24, 0xc5, 0x9b,
            0x08, 0x21, 0x83, 0x02, 0x1a, 0x3a, 0x3a, 0x1a, 0x7a, 0x40, 0x57, 0x7b, 0x59, 0x8b,
            0xe9, 0x5c, 0x06, 0x21, 0x60, 0xc5, 0x46, 0x98, 0x3a, 0x3a, 0x8c, 0x56, 0x20, 0x36,
            0x7c, 0x62, 0x47, 0x89, 0x53, 0xba, 0x8f, 0xa4, 0x48, 0x56, 0x43, 0x29, 0x2e, 0x2b,
            0x20, 0xe7, 0xba, 0x6c, 0x6c, 0x16, 0xab, 0x35, 0x00, 0xcc, 0xa7, 0x0a, 0x3d, 0x90,
            0xe2, 0x33, 0x79, 0xb5, 0x22, 0x18, 0x1c, 0x3f, 0xaa, 0x9c, 0x01, 0x42, 0x88, 0x29,
            0x18, 0x86, 0x27, 0xe6, 0x24, 0x8b, 0x66, 0x49, 0xaf, 0x44, 0x5c, 0xbf, 0xe9, 0x84,
            0x44, 0x19, 0xd7, 0xc0, 0xd5, 0x30, 0x0b, 0xb0, 0xe7, 0x0d, 0x46, 0x0a, 0x8f, 0xba,
            0x62, 0x2f, 0xf6, 0x37, 0xb2, 0xf2, 0xa1, 0xa0, 0x81, 0xda, 0x7c, 0xcd, 0xe7, 0xb9,
            0xb6, 0x4b, 0x3d, 0x27, 0xd0, 0x9d, 0x77, 0x3c, 0x69, 0x9b, 0x34, 0x10, 0xbe, 0x5c,
            0x7b, 0x20, 0x84, 0x3a, 0x83, 0xf0, 0x1e, 0xa7, 0x00, 0x26, 0x86, 0x16, 0x7b, 0x9a,
            0xb8, 0x85, 0xc7, 0x6b, 0x11, 0x2e, 0xca, 0x7b, 0x16, 0x5c, 0x56, 0x99, 0x59, 0x79,
            0xd9, 0xa8, 0xce, 0x8e, 0xea, 0x5f, 0x54, 0x9a, 0xc6, 0x5b, 0x41, 0xc9, 0x3b, 0xb9,
            0x62, 0x74, 0xe4, 0x5e, 0x04, 0x13, 0xa6, 0xf0, 0x3c, 0x5c, 0x24, 0xa6, 0xa6, 0xe2,
            0xec, 0xc7, 0xe3, 0x03, 0xc5, 0xc0, 0xe7, 0xa2, 0x71, 0x45, 0x7b, 0x26, 0x64, 0xa7,
            0x51, 0xc4, 0x8e, 0x55, 0x69, 0x7a, 0x84, 0x27, 0x43, 0x45, 0xca, 0x38, 0xe1, 0x91,
            0x4a, 0xc2, 0x31, 0x6c, 0x57, 0xe0, 0x3b, 0x08, 0x10, 0x34, 0x20, 0xe7, 0xab, 0x0b,
            0x17, 0x81, 0xd2, 0xa3, 0x70, 0x0a, 0x48, 0x54, 0x50, 0x95, 0x7e, 0xc5, 0x06, 0x49,
            0x4d, 0xb4, 0x1a, 0xd5, 0x34, 0x91, 0x92, 0x43, 0x5d, 0xae, 0x57, 0x28, 0xb6, 0xf4,
            0x3f, 0xab, 0x26, 0x34, 0x84, 0x1b, 0xa1, 0xf7, 0x51, 0x03, 0xf1, 0x40, 0x17, 0x31,
            0x03, 0x2f, 0xb5, 0x7b, 0x28, 0xa1, 0xaa, 0x8d, 0xfc, 0x80, 0x77, 0xbc, 0x37, 0xb3,
            0x81, 0xbc, 0x7c, 0xff, 0x68, 0x26, 0x32, 0x7c, 0x04, 0xf5, 0xf2, 0x50, 0xbb, 0x50,
            0x51, 0xc2, 0x81, 0x3d, 0xc4, 0x04, 0x47, 0xad, 0xcc, 0x1b, 0x46, 0xb8, 0xa2, 0x61,
            0x68, 0xb1, 0x14, 0xe3, 0x33, 0xd9, 0x27, 0x3c, 0x44, 0x51, 0x67, 0xe5, 0x14, 0x3e,
            0x1f, 0x99, 0xb2, 0xf6, 0x15, 0x8d, 0xa5, 0x08, 0x7d, 0x17, 0x27, 0x57, 0x60, 0x51,
            0xc9, 0x35, 0x1d, 0x3b, 0x94, 0x59, 0xd6, 0x26, 0xb3, 0x3d, 0x13, 0xdc, 0x76, 0xdd,
            0x50, 0xc3, 0xfb, 0xb3, 0xd4, 0x08, 0xe0, 0x72, 0x88, 0x74, 0xf2, 0x83, 0x1c, 0xed,
            0xef, 0x60, 0xa6, 0x8c, 0xd2, 0x90, 0xbb, 0x2d, 0xe6, 0xe4, 0x08, 0x78, 0x20, 0xbc,
            0x2d, 0xbd, 0x85, 0xc4, 0x2b, 0x77, 0x63, 0x7e, 0x52, 0x90, 0x0f, 0x04, 0xdf, 0x67,
            0x9f, 0x0b, 0x4e, 0x62, 0x41, 0x50, 0xe2, 0x5e, 0xc2, 0x94, 0x88, 0x66, 0x59, 0x88,
            0xa5, 0x88, 0xb7, 0xd6, 0x7a, 0xa8, 0x1e, 0x45, 0x1b, 0x31, 0xa7, 0x7d, 0xa5, 0xee,
            0xfe, 0x11, 0x17, 0x30,
        ],
        implicit_rejection_private_key: &[
            0x18, 0x4a, 0x52, 0x3e, 0xbb, 0x7b, 0x57, 0x83, 0x26, 0x51, 0x81, 0x3b, 0xc2, 0x47,
            0x8e, 0x0f, 0xca, 0x53, 0x55, 0x19, 0x98, 0x13, 0x16, 0xbf, 0xcb, 0xc0, 0xbd, 0x49,
            0x75, 0x3f, 0xbe, 0x96, 0x45, 0x67, 0x22, 0x0d, 0x19, 0x9c, 0x2e, 0xc2, 0x69, 0x30,
            0x4b, 0x87, 0xba, 0x1e, 0x47, 0xb9, 0xaa, 0x94, 0x1f, 0xc8, 0xe3, 0x3a, 0x06, 0x08,
            0xb7, 0xc2, 0x42, 0x3e, 0x4e, 0xbb, 0x3c, 0xe2, 0xe4, 0x91, 0xba, 0x7a, 0x4b, 0x99,
            0x05, 0x06, 0x33, 0xe1, 0x1f, 0x19, 0xe3, 0x50, 0x9b, 0xc7, 0x8d, 0x23, 0x1a, 0x5b,
            0x9d, 0x9a, 0x6e, 0x41, 0xfc, 0x50, 0xc7, 0x69, 0x0d, 0x48, 0xb4, 0x39, 0x74, 0x76,
            0x99, 0xcd, 0xd4, 0x6f, 0x1f, 0x0c, 0x05, 0x61, 0xd7, 0x4f, 0xec, 0x74, 0x20, 0x66,
            0x37, 0xc3, 0x92, 0x16, 0x17, 0x6a, 0x3a, 0x94, 0x15, 0xf2, 0x24, 0x25, 0xd5, 0x1d,
            0xe7, 0x08, 0x32, 0xfa, 0x7b, 0x86, 0xc0, 0xb0, 0x5d, 0xcc, 0x70, 0x64, 0x34, 0x7b,
            0x41, 0x62, 0x44, 0x20, 0xc4, 0xb7, 0xbf, 0xa6, 0x14, 0x82, 0xe1, 0x50, 0x4f, 0xee,
            0x26, 0xba, 0xf2, 0x6a, 0xa9, 0xa1, 0x6b, 0x4c, 0x13, 0xb5, 0x07, 0x3a, 0xa7, 0x07,
            0xac, 0x1b, 0x06, 0x9c, 0xb8, 0xce, 0xa6, 0xa7, 0xbc, 0xe2, 0x11, 0x2a, 0x7b, 0x23,
            0xbd, 0x7e, 0x11, 0x52, 0x18, 0xa7, 0x8d, 0x52, 0x08, 0x54, 0x08, 0xf8, 0x64, 0x20,
            0xe2, 0x56, 0x5d, 0x4a, 0x84, 0x26, 0x72, 0x57, 0x89, 0x30, 0x64, 0xa2, 0x42, 0x6e,
            0x46, 0xbb, 0x67, 0xc3, 0x39, 0x04, 0xc5, 0xe2, 0x86, 0x08, 0xeb, 0x84, 0xe1, 0xf4,
            0x31, 0x18, 0x4c, 0x39, 0x16, 0xd9, 0x59, 0x6d, 0x15, 0x51, 0xdf, 0x96, 0x53, 0x9d,
            0xa3, 0xad, 0x8f, 0x0b, 0x70, 0x0f, 0x78, 0x45, 0x33, 0x89, 0xab, 0x35, 0xb3, 0xba,
            0x7e, 0xf3, 0x79, 0x8d, 0x26, 0x95, 0x9b, 0x23, 0x80, 0x1c, 0x7c, 0x59, 0x34, 0x3a,
            0xa0, 0x1e, 0x4a, 0x92, 0xfb, 0xc3, 0x31, 0xce, 0x7b, 0x7c, 0xd4, 0x19, 0x4e, 0x7c,
            0x45, 0xaa, 0x5e, 0xe6, 0x45, 0x14, 0xa0, 0x11, 0xcf, 0xd1, 0x3c, 0xbd, 0xfc, 0xbc,
            0x75, 0x15, 0x9f, 0x5d, 0xca, 0xa4, 0x65, 0x0a, 0xa3, 0x00, 0xe5, 0x3b, 0x0a, 0x04,
            0x3c, 0x83, 0x0b, 0x85, 0x55, 0xe7, 0x34, 0x8f, 0x54, 0xa4, 0x72, 0x97, 0xaf, 0xab,
            0xc5, 0x9e, 0xf2, 0x71, 0x13, 0x55, 0x51, 0x51, 0x35, 0x17, 0xa5, 0x6f, 0x40, 0xcc,
            0xc2, 0x8c, 0x3e, 0x6a, 0xf6, 0x12, 0x29, 0xb0, 0x70, 0x35, 0xc9, 0x24, 0x32, 0x10,
            0x26, 0xff, 0xd1, 0x98, 0xe2, 0xd3, 0x16, 0xe8, 0x7c, 0x1e, 0xf6, 0xbc, 0xb5, 0x70,
            0x05, 0x4c, 0xd3, 0xdc, 0xc1, 0x15, 0x08, 0x73, 0x76, 0xa1, 0x8a, 0xb0, 0x7a, 0x8b,
            0xdc, 0xaa, 0x72, 0x68, 0x50, 0x65, 0xd7, 0x30, 0x08, 0xa7, 0x42, 0x96, 0x21, 0xeb,
            0xb6, 0xe2, 0x3b, 0x4a, 0x98, 0x69, 0x25, 0x27, 0xf0, 0xb7, 0x18, 0x88, 0x8d, 0xba,
            0x7a, 0xbb, 0xc2, 0xc0, 0xca, 0x8c, 0x64, 0x10, 0x68, 0xa6, 0x78, 0x6b, 0xe0, 0x27,
            0x4b, 0x9c, 0x5a, 0xbc, 0xa2, 0x67, 0xd5, 0x41, 0xc3, 0x26, 0x95, 0xc9, 0xbc, 0x36,
            0x27, 0xa7, 0xd2, 0x0a, 0x35, 0x95, 0x46, 0x49, 0x69, 0x96, 0x84, 0xf3, 0xcc, 0xfa,
            0x40, 0x93, 0xcd, 0x09, 0x35, 0x47, 0x35, 0x5c, 0xbd, 0xf3, 0x82, 0x9a, 0x45, 0x20,
            0x76, 0x5a, 0x5f, 0x3e, 0xc8, 0xcb, 0xa0, 0x28, 0x52, 0x6a, 0x46, 0x35, 0x00, 0x57,
            0xa2, 0x8a, 0x74, 0x4a, 0x59, 0x43, 0x70, 0x16, 0xc8, 0x83, 0x46, 0x8b, 0x33, 0xcc,
            0xa8, 0x7b, 0xa5, 0x49, 0x44, 0x7c, 0xa1, 0x0e, 0x0c, 0x25, 0xce, 0xb2, 0x04, 0xad,
            0xa1, 0xe2, 0x8b, 0x38, 0x71, 0x70, 0x85, 0x60, 0x8c, 0x8e, 0x09, 0xbb, 0x02, 0xec,
            0x93, 0xd2, 0xc9, 0xa7, 0xdf, 0x5b, 0x0d, 0x3f, 0x09, 0x4e, 0x00, 0x0c, 0xb1, 0x50,
            0xb7, 0x65, 0xf6, 0x49, 0x40, 0x00, 0xe8, 0x14, 0x21, 0x74, 0x7f, 0x18, 0x09, 0x42,
            0x7b, 0xac, 0x9a, 0xef, 0x1b, 0x12, 0x56, 0x63, 0x4f, 0x7f, 0x02, 0x4b, 0xd4, 0x34,
            0x63, 0xc2, 0x69, 0x95, 0xb2, 0x78, 0x19, 0x2d, 0x90, 0x2b, 0xa3, 0xe1, 0xce, 0x66,
            0x8a, 0x36, 0x59, 0xb8, 0x49, 0x7b, 0x86, 0x40, 0x7e, 0xda, 0x6e, 0x90, 0x83, 0x52,
            0xe6, 0x21, 0x4e, 0xb6, 0x43, 0x98, 0x61, 0xbc, 0x34, 0x61, 0x33, 0x71, 0x1e, 0x12,
            0x8c, 0xdc, 0xa4, 0x1f, 0xda, 0x8b, 0x94, 0xc2, 0xfa, 0x7e, 0x60, 0x31, 0x8f, 0xbb,
            0xb8, 0x7e, 0x99, 0xc3, 0x63, 0xd9, 0x93, 0x60, 0x87, 0x77, 0x9d, 0x39, 0x88, 0x07,
            0x16, 0xe9, 0x0b, 0xd6, 0x32, 0x68, 0x6a, 0x55, 0x6d, 0xae, 0x11, 0x8c, 0x48, 0xa3,
            0x4e, 0x97, 0x15, 0x3e, 0x6b, 0x5b, 0x3f, 0x3f, 0xe4, 0xcc, 0x96, 0x24, 0xb4, 0x8f,
            0xfa, 0xc0, 0x38, 0xf5, 0x6d, 0xa6, 0xc5, 0x2d, 0x92, 0x19, 0xcb, 0x88, 0xe0, 0x12,
            0x28, 0xd8, 0x3c, 0xd7, 0x36, 0x18, 0xe5, 0x43, 0x03, 0xca, 0xa6, 0x93, 0x2b, 0xbb,
            0x33, 0xa8, 0xc6, 0x28, 0x7d, 0xb0, 0x4c, 0x99, 0x54, 0x07, 0x76, 0x86, 0xaa, 0x0d,
            0xb4, 0x10, 0xd2, 0x13, 0x1d, 0xd5, 0xcb, 0x99, 0xdf, 0xa6, 0xb7, 0x05, 0xfc, 0x1f,
            0x12, 0xd2, 0x38, 0x08, 0xf9, 0xb2, 0x83, 0x83, 0x1c, 0x8f, 0xfb, 0x82, 0xbd, 0x27,
            0x70, 0xf9, 0xa7, 0xb1, 0xb1, 0x86, 0xa3, 0xb9, 0x93, 0x03, 0x36, 0xe4, 0x4c, 0xb8,
            0x43, 0x08, 0x3b, 0x29, 0x97, 0x36, 0x59, 0x46, 0xcd, 0x50, 0x0a, 0xc9, 0xe6, 0x2b,
            0x63, 0x01, 0x43, 0x52, 0xb3, 0x76, 0xce, 0xd4, 0x8a, 0xc7, 0xba, 0xab, 0x27, 0x8c,
            0x35, 0x73, 0x53, 0xb7, 0x2a, 0xd5, 0x4b, 0xb2, 0x12, 0x06, 0x92, 0x87, 0x3f, 0xe8,
            0xec, 0x58, 0xf7, 0x0c, 0x20, 0x35, 0x7a, 0xce, 0x9f, 0x72, 0x66, 0x0d, 0xb9, 0xaa,
            0xfa, 0x28, 0x2c, 0x2c, 0x96, 0x68, 0x3f, 0xfc, 0x11, 0x81, 0x60, 0x73, 0xdf, 0xb8,
            0xb0, 0x1f, 0x90, 0x41, 0xa4, 0xbb, 0xaf, 0xd5, 0x90, 0x74, 0x5b, 0xf7, 0x60, 0x52,
            0x88, 0xa6, 0x92, 0x46, 0x0f, 0xaa, 0x7a, 0x2f, 0x1a, 0x67, 0x78, 0xfa, 0x99, 0xa4,
            0xf4, 0xdb, 0x3e, 0x38, 0xd4, 0x85, 0x7c, 0x80, 0x8b, 0xba, 0xc3, 0x4e, 0xaa, 0xeb,
            0x66, 0xba, 0x67, 0x0a, 0x1e, 0x29, 0x6d, 0x2c, 0x3c, 0x73, 0x96, 0xf7, 0xb0, 0xb5,
            0x7b, 0x3c, 0xaa, 0x22, 0xc0, 0xb0, 0xb5, 0x19, 0x62, 0x5b, 0x6b, 0x01, 0x0c, 0x73,
            0x4d, 0x3b, 0x51, 0x1d, 0xd8, 0x08, 0xd2, 0xd0, 0x9c, 0x1a, 0xb3, 0xb0, 0x9a, 0xe4,
            0x19, 0xa1, 0x28, 0x23, 0x31, 0xbb, 0x2c, 0x08, 0x49, 0x4f, 0x2a, 0x83, 0xb2, 0xfa,
            0x83, 0x73, 0x49, 0x26, 0x08, 0xb9, 0xf6, 0x16, 0x1f, 0x30, 0x2c, 0x0b, 0x75, 0x6a,
            0x14, 0x37, 0x2f, 0x20, 0x32, 0x8d, 0x8c, 0x7a, 0x2b, 0x9e, 0xb8, 0x2d, 0xdf, 0x77,
            0x52, 0xd4, 0x9a, 0x56, 0x7a, 0x93, 0x34, 0xa3, 0xa7, 0x9d, 0x31, 0x02, 0x08, 0xaa,
            0x35, 0xc9, 0x95, 0x4a, 0x77, 0x71, 0x96, 0x1c, 0x75, 0x16, 0xb9, 0x98, 0x63, 0xc2,
            0x59, 0x87, 0x4d, 0x8a, 0x9c, 0xaf, 0x31, 0xf1, 0x28, 0x37, 0x73, 0x55, 0x27, 0x35,
            0xbe, 0xd9, 0x63, 0x19, 0x59, 0x88, 0x29, 0xc9, 0xa0, 0x0e, 0x98, 0x05, 0xc4, 0xc6,
            0x7b, 0x05, 0x06, 0xd1, 0x8d, 0xbf, 0x31, 0x11, 0xfd, 0x1c, 0x2e, 0xd0, 0xc1, 0xcb,
            0xde, 0xa9, 0x8b, 0xbf, 0x32, 0x69, 0xbc, 0xe8, 0x6f, 0x7d, 0x90, 0x00, 0xf4, 0xba,
            0xa9, 0x83, 0x60, 0x20, 0x91, 0xe0, 0x40, 0x07, 0x98, 0xa6, 0x4d, 0x18, 0x23, 0x5d,
            0x09, 0x2d, 0xa0, 0xb7, 0x66, 0x3f, 0x46, 0x6d, 0x72, 0xf8, 0x0e, 0x2c, 0xe0, 0x23,
            0x20, 0xb4, 0x2e, 0x31, 0xab, 0x8c, 0x4c, 0xcc, 0x9e, 0x76, 0xf4, 0xa4, 0xe5, 0x33,
            0x37, 0x89, 0x32, 0xcf, 0x4c, 0x27, 0x67, 0xa1, 0x25, 0xba, 0x8c, 0x56, 0x00, 0xdd,
            0x6a, 0xbf, 0xcc, 0x89, 0xbf, 0xd3, 0x8a, 0xcf, 0xb7, 0x18, 0x0e, 0x22, 0x8a, 0x5f,
            0xab, 0x0c, 0x22, 0x02, 0x84, 0x37, 0xe0, 0xc2, 0x72, 0xbe, 0x3a, 0xbf, 0x5b, 0xb0,
            0xa7, 0x2c, 0x48, 0x12, 0x99, 0xf6, 0x86, 0x4e, 0xeb, 0xcc, 0xb1, 0x21, 0x9d, 0x8b,
            0x1a, 0x19, 0xad, 0x33, 0x6e, 0xc2, 0x71, 0x57, 0xd3, 0x75, 0xc5, 0xcf, 0xb3, 0x13,
            0xc8, 0xaa, 0xc6, 0xda, 0x95, 0x82, 0xfd, 0x11, 0x47, 0xcf, 0xaa, 0x46, 0xf2, 0x88,
            0xaf, 0x34, 0x23, 0x3c, 0x24, 0x19, 0x7f, 0x24, 0xd1, 0x77, 0xa8, 0xf4, 0x54, 0xa0,
            0x45, 0x71, 0x64, 0xc6, 0x30, 0x56, 0x7a, 0x6e, 0x40, 0x52, 0x27, 0x64, 0x46, 0x1d,
            0xbd, 0x20, 0x89, 0xf3, 0xf0, 0x6c, 0xc5, 0x5a, 0x29, 0x23, 0x08, 0x80, 0xc1, 0xd1,
            0x7b, 0xb0, 0x27, 0x7a, 0xa6, 0x31, 0x0a, 0xe5, 0x86, 0x64, 0x4a, 0xc2, 0x72, 0xec,
            0xb6, 0x48, 0x66, 0xc0, 0x25, 0x78, 0x78, 0x8f, 0x77, 0xf2, 0x70, 0xcd, 0x41, 0x10,
            0x30, 0x8c, 0x04, 0xe7, 0x97, 0x0e, 0xde, 0x5a, 0x32, 0x75, 0x0b, 0x80, 0x82, 0xc5,
            0x0b, 0x54, 0x62, 0xc4, 0x66, 0xba, 0xc9, 0x49, 0x9b, 0x00, 0x3c, 0xbb, 0x27, 0x84,
            0xa9, 0x22, 0xc5, 0x52, 0x88, 0x60, 0x31, 0x7f, 0xcd, 0x1b, 0xbd, 0x20, 0x0c, 0x1e,
            0x8a, 0x40, 0x48, 0x9c, 0x08, 0x4a, 0x74, 0x83, 0x80, 0x89, 0x8b, 0x5e, 0x5c, 0xdb,
            0xa0, 0x96, 0x13, 0x3f, 0x5a, 0x72, 0x5a, 0xcc, 0x38, 0x2e, 0x0f, 0x7b, 0x0b, 0x53,
            0xb7, 0x28, 0x8b, 0xa9, 0x7c, 0xc3, 0xb4, 0xcb, 0x05, 0x26, 0x0b, 0xbc, 0xc9, 0x47,
            0xa7, 0x7c, 0xb9, 0xd6, 0xc6, 0x81, 0x28, 0x96, 0x75, 0xa9, 0x8c, 0x4c, 0x16, 0x6c,
            0x65, 0xa6, 0x66, 0x05, 0x48, 0x44, 0xb0, 0x27, 0x6c, 0x62, 0xbc, 0x3b, 0x77, 0x42,
            0xd0, 0x27, 0xc5, 0x08, 0xba, 0x5e, 0xa4, 0x8b, 0x1e, 0x59, 0x72, 0xe5, 0xc1, 0x83,
            0x02, 0x04, 0x56, 0xe8, 0xd1, 0x9f, 0x19, 0xf1, 0x43, 0x46, 0xd3, 0x5f, 0xa4, 0x41,
            0x00, 0xde, 0x16, 0x2a, 0x6c, 0x07, 0x25, 0x75, 0x51, 0x18, 0xf3, 0x85, 0x6c, 0x9d,
            0xac, 0x6b, 0xeb, 0xb4, 0x9d, 0x51, 0x6b, 0x70, 0x10, 0x74, 0x5a, 0xe2, 0x4b, 0xb9,
            0x35, 0x88, 0x50, 0x3e, 0xfa, 0xc2, 0xcd, 0xfb, 0x88, 0xc3, 0x29, 0x44, 0x4a, 0x34,
            0x58, 0x57, 0xf6, 0x82, 0xb6, 0xc4, 0x20, 0xd2, 0x4a, 0xc9, 0xac, 0x89, 0x8f, 0x83,
            0x3b, 0x12, 0x0a, 0xa8, 0x31, 0x02, 0xfc, 0x18, 0xd5, 0x73, 0x21, 0x17, 0x1c, 0x23,
            0x6c, 0x97, 0xa2, 0x52, 0x48, 0xc9, 0x3d, 0x3c, 0xb1, 0x11, 0x22, 0x38, 0x86, 0x40,
            0x52, 0x98, 0x53, 0x41, 0x05, 0x66, 0x74, 0x88, 0x09, 0x6f, 0x8a, 0x36, 0x1f, 0x32,
            0x01, 0xb6, 0x96, 0xa4, 0xb3, 0xf6, 0x2b, 0xcd, 0x11, 0x87, 0x75, 0xee, 0xfa, 0x15,
            0x02, 0x59, 0xc8, 0x98, 0x1c, 0x2c, 0xb3, 0x11, 0xa9, 0xeb, 0x30, 0xc6, 0xd9, 0xca,
            0x56, 0xef, 0xd0, 0x50, 0xec, 0xa9, 0x92, 0x36, 0x07, 0xce, 0x56, 0x88, 0x52, 0x89,
            0x7b, 0x35, 0x7a, 0x35, 0x50, 0x54, 0x75, 0x98, 0x49, 0xdc, 0xa6, 0xb8, 0xb9, 0x15,
            0xad, 0xc2, 0x4a, 0x02, 0x27, 0x23, 0xbf, 0x93, 0x07, 0x56, 0x72, 0xc1, 0xe4, 0xaa,
            0x77, 0x73, 0x7c, 0x0f, 0x2b, 0x80, 0xaf, 0x8f, 0xf9, 0x14, 0xa1, 0x42, 0xc6, 0x6f,
            0x3a, 0xb6, 0xe8, 0x75, 0xb9, 0x7f, 0x0c, 0x93, 0x1e, 0xa5, 0x80, 0x26, 0xab, 0x32,
            0xd1, 0x00, 0x76, 0x92, 0xf5, 0xca, 0x08, 0x16, 0xa8, 0x2a, 0x59, 0x5a, 0x35, 0x59,
            0x3d, 0x06, 0xb5, 0xa8, 0x70, 0x08, 0x66, 0xd0, 0xc8, 0x56, 0x9b, 0xd1, 0x06, 0x00,
            0xe6, 0x42, 0x90, 0x83, 0x0e, 0xfd, 0xf9, 0x3b, 0x47, 0x91, 0x26, 0xa0, 0xe8, 0x75,
            0x1f, 0x4b, 0xbd, 0x83, 0xdc, 0x0d, 0x7a, 0x25, 0xa0, 0x1f, 0x0a, 0xad, 0xdb, 0x4c,
            0xb5, 0xc2, 0x86, 0x36, 0x11, 0x14, 0x7a, 0x38, 0xd9, 0x89, 0x10, 0x46, 0xc1, 0x34,
            0x30, 0x6c, 0x07, 0xd7, 0x58, 0x5d, 0x41, 0x58, 0x5a, 0xb7, 0x9e, 0x2d, 0x75, 0xb1,
            0x6b, 0x51, 0x84, 0x14, 0x73, 0xb0, 0xe9, 0x82, 0x89, 0x27, 0xf6, 0x69, 0xf2, 0x79,
            0x67, 0xc6, 0x25, 0x60, 0x05, 0x0a, 0x3a, 0x26, 0xc7, 0xa1, 0xdf, 0x66, 0x20, 0xcd,
            0x04, 0x0e, 0x2d, 0x37, 0x9f, 0x71, 0xc3, 0xce, 0x21, 0x60, 0x6b, 0x62, 0x62, 0x24,
            0x99, 0xf7, 0xc5, 0x27, 0x8c, 0x3b, 0xbc, 0x02, 0x3a, 0x76, 0x85, 0x38, 0xfc, 0xb0,
            0x13, 0xcf, 0x16, 0x33, 0xc5, 0xe9, 0x1e, 0xa6, 0x02, 0x89, 0x5e, 0xd0, 0xb8, 0x3f,
            0xc8, 0x8a, 0xdd, 0x1b, 0x00, 0x31, 0xca, 0x80, 0x79, 0x80, 0x8d, 0x77, 0x95, 0x24,
            0x3b, 0x64, 0x3b, 0xa5, 0xf7, 0x81, 0xd1, 0xd5, 0x6d, 0x39, 0x92, 0x58, 0xdf, 0xd0,
            0x41, 0xad, 0xb8, 0x31, 0xb4, 0x07, 0x75, 0xb8, 0x6b, 0x78, 0x7e, 0x3a, 0x0d, 0x15,
            0xe2, 0xbd, 0xef, 0xb9, 0x93, 0xd3, 0xd5, 0x97, 0x2f, 0xd1, 0xba, 0x9c, 0x8c, 0xc4,
            0xba, 0xfa, 0x32, 0x0c, 0x51, 0x2d, 0xb1, 0xe9, 0x52, 0x4d, 0xf1, 0x95, 0x27, 0x0a,
            0x98, 0x18, 0x09, 0x59, 0xe5, 0xb0, 0x7a, 0xb9, 0xe9, 0x9e, 0x57, 0x29, 0x7a, 0x19,
            0x38, 0x1f, 0xef, 0x09, 0xa6, 0xf5, 0xb1, 0xbc, 0x57, 0x93, 0x68, 0x4c, 0x72, 0x4e,
            0x74, 0x93, 0x86, 0x2c, 0x29, 0xc7, 0x30, 0x4b, 0x16, 0xee, 0x83, 0x31, 0x93, 0x64,
            0x78, 0x03, 0x82, 0x34, 0x30, 0x89, 0x0c, 0x38, 0x77, 0xb0, 0x1d, 0x68, 0x56, 0x3d,
            0x17, 0x3d, 0x73, 0xb3, 0x70, 0xc3, 0x4a, 0x86, 0xa6, 0x3a, 0x71, 0x5d, 0x57, 0x14,
            0x10, 0xac, 0x1d, 0xda, 0x54, 0xc5, 0xaf, 0x62, 0x4b, 0x31, 0x61, 0x24, 0xf4, 0x4c,
            0xbf, 0xe7, 0xbc, 0x62, 0xa1, 0xe9, 0x60, 0xc1, 0x47, 0x73, 0x24, 0xe6, 0x98, 0x70,
            0xc3, 0x32, 0xfc, 0x69, 0x47, 0x04, 0x7c, 0x84, 0xae, 0x28, 0x01, 0x3c, 0x15, 0x24,
            0x35, 0xe9, 0xb5, 0x82, 0x17, 0xb2, 0x87, 0x77, 0x94, 0x98, 0x7b, 0x9c, 0xf1, 0x24,
            0x78, 0x36, 0x0a, 0x31, 0x45, 0x69, 0x4c, 0x06, 0x70, 0x9b, 0xd5, 0x97, 0x1e, 0xb9,
            0xd0, 0xcf, 0x4c, 0x75, 0xce, 0xa9, 0xb8, 0xc9, 0xa0, 0x64, 0x8c, 0x83, 0x38, 0xca,
            0x61, 0x49, 0x28, 0x09, 0x50, 0x10, 0x74, 0xd3, 0x93, 0xcf, 0xc9, 0x8b, 0xdc, 0xe4,
            0x5c, 0xa9, 0x1b, 0x75, 0x6d, 0x6a, 0x62, 0x03, 0x29, 0x3f, 0xa7, 0xab, 0x22, 0x89,
            0x31, 0x1b, 0x4b, 0x06, 0x78, 0x3a, 0x77, 0x8d, 0xa4, 0x05, 0x5b, 0xac, 0xb1, 0x80,
            0x3d, 0x80, 0x33, 0x03, 0x5b, 0x2b, 0x6e, 0x86, 0x53, 0x90, 0x88, 0x7c, 0xc3, 0x01,
            0x2f, 0xf7, 0x03, 0x13, 0xb2, 0x6a, 0xcb, 0xeb, 0xd3, 0x16, 0x79, 0x08, 0x1d, 0xea,
            0x86, 0x50, 0xf1, 0x10, 0xc9, 0x9a, 0xc4, 0x58, 0x14, 0x04, 0x8b, 0x56, 0x90, 0x1f,
            0x7b, 0xd1, 0x3a, 0xd1, 0xd9, 0x21, 0x34, 0xcb, 0x9f, 0xbc, 0xa5, 0x03, 0xc5, 0x3a,
            0xa8, 0x19, 0xb4, 0x82, 0x5b, 0x9a, 0x38, 0x52, 0x64, 0x98, 0xb5, 0x86, 0x3d, 0x3a,
            0x29, 0xb4, 0xfe, 0xdc, 0x9a, 0xe1, 0x17, 0xbd, 0x07, 0x5c, 0x99, 0x72, 0xc0, 0x8d,
            0x38, 0x16, 0xa2, 0xc6, 0x44, 0x4c, 0x4a, 0x51, 0x1a, 0x8c, 0x65, 0x5e, 0xb7, 0xe1,
            0x43, 0x65, 0x08, 0x6c, 0x24, 0xa3, 0x25, 0x89, 0x07, 0xc1, 0x07, 0xf9, 0x73, 0x65,
            0xbb, 0x4f, 0x97, 0x0c, 0x9c, 0xd9, 0x28, 0x43, 0x9b, 0x7a, 0x84, 0xc4, 0x62, 0x34,
            0x07, 0x1a, 0x5e, 0xf4, 0xfb, 0x1c, 0xa3, 0x00, 0x64, 0x93, 0x14, 0x4f, 0xc7, 0xe1,
            0x9d, 0x79, 0x78, 0x23, 0x8d, 0x9b, 0x10, 0x98, 0x81, 0x36, 0x4d, 0x9c, 0xb6, 0x1e,
            0xd6, 0xbf, 0x67, 0x1a, 0x61, 0x03, 0x31, 0x4e, 0x34, 0x64, 0x9f, 0xb2, 0xe4, 0x40,
            0x37, 0xb7, 0x6e, 0x6b, 0xc5, 0x35, 0xb0, 0xca, 0x9b, 0xd0, 0x58, 0x7b, 0x73, 0x31,
            0xc9, 0x55, 0xd6, 0x13, 0xfc, 0xa9, 0x0c, 0x7a, 0xf7, 0x03, 0x83, 0xc2, 0xa5, 0x74,
            0x51, 0x16, 0xcf, 0x28, 0x0a, 0x1c, 0x7b, 0x9d, 0x17, 0x32, 0xaf, 0x83, 0x79, 0x62,
            0x8d, 0x2a, 0x18, 0x67, 0x48, 0x85, 0xf9, 0x29, 0x85, 0x0c, 0xf9, 0x81, 0x8f, 0x89,
            0x96, 0xee, 0x16, 0x23, 0x4d, 0xf0, 0x24, 0x2e, 0x24, 0x21, 0x75, 0x72, 0x6c, 0x44,
            0xe2, 0xcf, 0xc6, 0x62, 0xca, 0x4f, 0x81, 0x43, 0xbd, 0xf3, 0x59, 0x4a, 0x92, 0x93,
            0xba, 0x94, 0x23, 0x18, 0x21, 0xcf, 0x9e, 0xd7, 0xb7, 0x84, 0x99, 0x82, 0x8b, 0xb5,
            0x5a, 0xd7, 0xcb, 0x97, 0x7c, 0x90, 0xc5, 0xd9, 0x3b, 0x1e, 0x53, 0x41, 0x65, 0xe5,
            0x50, 0x0f, 0x79, 0xc8, 0x7e, 0x16, 0x42, 0xbc, 0x99, 0x4c, 0x5c, 0x47, 0xe1, 0xcc,
            0x52, 0x86, 0x76, 0x29, 0xc3, 0xb1, 0x80, 0x92, 0x1b, 0xa6, 0xa0, 0x14, 0x20, 0xda,
            0x37, 0xb7, 0xf8, 0xc2, 0xcc, 0x09, 0x9c, 0xf0, 0x80, 0x5a, 0x42, 0xf8, 0xce, 0x24,
            0xcb, 0x6c, 0xd9, 0x97, 0xa4, 0xab, 0x46, 0x0d, 0x29, 0xc9, 0x44, 0x39, 0x07, 0x48,
            0xdd, 0x98, 0xc3, 0x74, 0x3c, 0xa8, 0xc9, 0x5c, 0x3d, 0x88, 0x87, 0x0c, 0x16, 0x38,
            0x56, 0x93, 0xe1, 0x50, 0xea, 0x12, 0xcc, 0xc1, 0xdc, 0x82, 0x38, 0x65, 0xa6, 0x6e,
            0xb0, 0xa2, 0x3d, 0x6c, 0x05, 0xbe, 0x62, 0x59, 0xc8, 0x73, 0x08, 0x70, 0x5c, 0x17,
            0xa1, 0x16, 0x9d, 0x03, 0x88, 0x49, 0x7c, 0xf0, 0xa1, 0x83, 0x7c, 0x13, 0x33, 0xb0,
            0x34, 0x58, 0x99, 0x16, 0x94, 0x34, 0x36, 0x9b, 0x5c, 0xb7, 0x2f, 0x40, 0x13, 0x00,
            0x7c, 0xab, 0xc1, 0x41, 0x1e, 0x09, 0x90, 0x79, 0x9f, 0x09, 0xc8, 0x27, 0xea, 0x26,
            0xda, 0xc8, 0xbe, 0x81, 0xc0, 0x84, 0x7a, 0xca, 0x47, 0xb3, 0xb5, 0xbc, 0x83, 0xb3,
            0x21, 0xd3, 0xc8, 0x58, 0x4f, 0xfb, 0xbf, 0xbb, 0x0a, 0x47, 0x21, 0x56, 0xcc, 0xb5,
            0xe3, 0x08, 0xd2, 0x2b, 0x52, 0xe0, 0x04, 0x0c, 0x7c, 0xc6, 0xc5, 0x46, 0xb8, 0x2a,
            0x7e, 0x54, 0x61, 0x37, 0xf9, 0x67, 0xd4, 0x15, 0xbe, 0xb7, 0x89, 0x8c, 0x77, 0xc4,
            0x65, 0x2a, 0x36, 0xa2, 0x64, 0xd3, 0x26, 0x88, 0x27, 0x6b, 0xa7, 0xdb, 0x30, 0xd7,
            0xd4, 0x32, 0x0a, 0x07, 0xc8, 0x6b, 0xf1, 0x77, 0x8d, 0xc3, 0x49, 0x49, 0x5c, 0x88,
            0xb9, 0x1b, 0x3f, 0xf8, 0xb9, 0x81, 0xec, 0x78, 0x33, 0xb7, 0x30, 0xb6, 0xca, 0x91,
            0xc3, 0x08, 0x13, 0x00, 0x10, 0xc7, 0xcb, 0x9c, 0x43, 0x06, 0x17, 0x9c, 0x44, 0x72,
            0x36, 0x00, 0xac, 0x59, 0x4e, 0xe8, 0xa6, 0x79, 0xae, 0x55, 0x13, 0xcc, 0x27, 0x62,
            0x10, 0x5a, 0x70, 0xa3, 0x68, 0x86, 0x84, 0x27, 0x44, 0x9a, 0xb7, 0xa8, 0xfa, 0xdb,
            0xb9, 0x2c, 0xeb, 0xca, 0xe7, 0x01, 0x42, 0x1a, 0x4b, 0x89, 0xf5, 0x82, 0x61, 0x61,
            0xb0, 0xc6, 0xb2, 0x9b, 0x7a, 0x40, 0xc8, 0xae, 0x9d, 0xa2, 0x42, 0x8c, 0xc8, 0x06,
            0xa9, 0x96, 0xb2, 0xd4, 0x79, 0x03, 0x56, 0xec, 0xb1, 0xd8, 0x1c, 0x8f, 0x45, 0x99,
            0x61, 0x6e, 0x05, 0x68, 0x29, 0xf7, 0x34, 0x85, 0x7b, 0xa5, 0xf7, 0xe5, 0x9b, 0x60,
            0xa0, 0x30, 0x15, 0x04, 0x26, 0x81, 0x56, 0x98, 0xdc, 0xe4, 0xc7, 0x08, 0xa6, 0xb2,
            0xd5, 0xa1, 0x13, 0x48, 0x09, 0xbd, 0xcb, 0xa6, 0xb0, 0x2e, 0x89, 0x29, 0x3e, 0x41,
            0x55, 0x0e, 0x2c, 0x99, 0xc5, 0x32, 0x3d, 0xee, 0xd3, 0x34, 0x0c, 0x2b, 0x2f, 0x70,
            0x88, 0xb7, 0xe1, 0x58, 0x41, 0x59, 0xe6, 0x3c, 0x87, 0x56, 0xa9, 0xca, 0xf8, 0xbc,
            0x0e, 0x81, 0x5b, 0xb1, 0x3c, 0xaa, 0xeb, 0xf9, 0x93, 0x50, 0x9a, 0x8c, 0xc5, 0xb5,
            0x2c, 0x8d, 0x40, 0xb2, 0x99, 0x28, 0xc6, 0xf6, 0x39, 0x15, 0x48, 0xda, 0xa0, 0x6a,
            0xfc, 0x4e, 0xea, 0x08, 0xad, 0x75, 0x5a, 0xa8, 0x09, 0x26, 0x67, 0xfd, 0xc6, 0x73,
            0x05, 0xf0, 0x42, 0xa8, 0x78, 0xca, 0x6a, 0x84, 0x84, 0xa7, 0x6b, 0x1e, 0x14, 0x72,
            0x60, 0x90, 0x1b, 0x2e, 0xb4, 0x03, 0x70, 0xdf, 0x02, 0x3a, 0x3f, 0x2b, 0xb5, 0x0e,
            0x03, 0xa2, 0xfd, 0x1a, 0x0a, 0x03, 0x50, 0x4f, 0x0b, 0x45, 0x22, 0x75, 0x97, 0x58,
            0x1d, 0x21, 0xb5, 0x8e, 0xbc, 0x9f, 0xde, 0xe4, 0x34, 0x75, 0x9b, 0x6e, 0x54, 0xa9,
            0xc3, 0x37, 0xa4, 0x8c, 0xaa, 0xb0, 0xc2, 0xd2, 0xe8, 0x59, 0x82, 0x88, 0x72, 0x8f,
            0x79, 0x87, 0xe1, 0xfa, 0xae, 0x87, 0xdc, 0xa6, 0x2e, 0x5a, 0xb3, 0xc4, 0xd3, 0x95,
            0xb3, 0x8a, 0x81, 0xe5, 0x3c, 0x22, 0x16, 0x2c, 0xbd, 0xea, 0x8b, 0x4b, 0xbc, 0x3b,
            0x91, 0x95, 0xda, 0x54, 0xf7, 0x4b, 0x48, 0x53, 0x72, 0x22, 0x29, 0xc4, 0xc5, 0x41,
            0xa3, 0x8c, 0xc6, 0xf4, 0x96, 0x48, 0xeb, 0xa0, 0xd0, 0x74, 0x63, 0x37, 0x48, 0x53,
            0x5d, 0xbc, 0x49, 0x43, 0xf6, 0x1d, 0x23, 0xaa, 0x72, 0x06, 0xb5, 0x38, 0xe0, 0x7a,
            0x6e, 0xa2, 0x81, 0x14, 0xd7, 0xc7, 0x47, 0x56, 0xb1, 0x94, 0x55, 0xf3, 0x2f, 0xd7,
            0x74, 0x24, 0x73, 0xe5, 0x63, 0xfe, 0x42, 0x4e, 0x69, 0xbb, 0xae, 0xb0, 0x39, 0x8c,
            0x64, 0xe4, 0x77, 0x51, 0x98, 0x2c, 0x42, 0xf8, 0x08, 0x83, 0x37, 0x1e, 0x85, 0x08,
            0xb8, 0xca, 0xa0, 0xb2, 0x74, 0x06, 0x35, 0xc8, 0xb0, 0x11, 0x4d, 0x42, 0x9f, 0xd3,
            0x09, 0x6e, 0x0e, 0x31, 0x6d, 0x05, 0x28, 0x56, 0xa0, 0x0a, 0x6c, 0xc9, 0x62, 0x32,
            0xd6, 0x11, 0x76, 0x8b, 0xf3, 0xc0, 0x64, 0x08, 0xc9, 0x7b, 0xd7, 0x03, 0xfb, 0xfa,
            0x1d, 0xa8, 0xe8, 0x93, 0x72, 0x3b, 0x18, 0x58, 0x16, 0xa3, 0xe3, 0x06, 0x97, 0xff,
            0x95, 0x43, 0xd5, 0x5c, 0xaa, 0x0b, 0x9a, 0x6f, 0x66, 0xdb, 0x12, 0x08, 0x37, 0xa7,
            0x79, 0x0a, 0x4e, 0x25, 0xa7, 0xb9, 0xec, 0xf6, 0x3d, 0x39, 0x5a, 0xb7, 0xd5, 0xc1,
            0xba, 0x5e, 0x5c, 0x2c, 0xcf, 0x91, 0x17, 0x02, 0xab, 0x87, 0x36, 0x72, 0x09, 0xf5,
            0x14, 0x9d, 0xe3, 0x5b, 0x91, 0x35, 0x4a, 0x71, 0x03, 0xa9, 0x90, 0x79, 0x30, 0xc2,
            0xf4, 0x12, 0x64, 0x46, 0x15, 0x60, 0x79, 0x8a, 0x20, 0xf9, 0x25, 0x1e, 0xb6, 0x52,
            0x08, 0x85, 0xb0, 0xc2, 0xca, 0xd4, 0x97, 0xa2, 0xca, 0x3b, 0x18, 0xb1, 0x12, 0xbf,
            0xbb, 0x5a, 0x79, 0x54, 0x4f, 0xa7, 0x61, 0x61, 0xf4, 0x47, 0xbd, 0x18, 0x6b, 0x5b,
            0x06, 0xc2, 0x20, 0xff, 0xd0, 0x1a, 0xf7, 0x86, 0x07, 0xfc, 0x9b, 0x0a, 0x31, 0x9c,
            0xad, 0x0f, 0xb6, 0x37, 0x96, 0xe9, 0xa8, 0xc8, 0x25, 0xaa, 0x2e, 0xc0, 0x12, 0x44,
            0x51, 0xbb, 0x52, 0x39, 0x43, 0xd6, 0xeb, 0xc2, 0x92, 0xe0, 0x2c, 0xe9, 0x6b, 0x69,
            0x6a, 0xcb, 0x5f, 0x22, 0x6b, 0xc5, 0x58, 0x99, 0xac, 0xc2, 0x27, 0xfc, 0xf0, 0x42,
            0xd2, 0x0c, 0x8a, 0x5d, 0x1e, 0x3c, 0x2f, 0x33, 0xea, 0xbd, 0xe7, 0x41, 0xff, 0x4a,
            0x4b, 0x18, 0x1a, 0x84, 0x44, 0x2c, 0x16, 0x6e, 0x97, 0x9e, 0xec, 0x9d, 0xca, 0x19,
            0x12, 0xa5, 0x6f, 0x9b, 0x80, 0x65, 0xae, 0x09, 0x28, 0x2e, 0xb7, 0xb3, 0x57, 0xc6,
            0xcd, 0xca, 0xd0, 0xfa, 0x45, 0x66, 0xb3, 0x6f, 0xc2, 0x19, 0x29, 0x6e, 0x49, 0x79,
            0x1d, 0xc2, 0x5f, 0xa9, 0x8e, 0x02, 0xcd, 0x9f, 0x82, 0xbb, 0xe4, 0x8c, 0xe0, 0xaf,
            0x0f, 0xea, 0x24, 0x2c, 0xfe, 0x2b, 0x6b, 0x1e, 0x19, 0x14, 0x17, 0xe6, 0xc3, 0xdc,
            0x10, 0x30, 0x83, 0x7c,
        ],
        modified_cipher_text: &[
            0xb0, 0x75, 0x77, 0x62, 0xb8, 0x77, 0x5b, 0x43, 0xfe, 0x62, 0x58, 0x1d, 0xce, 0xae,
            0xac, 0xf6, 0x4c, 0x67, 0x7b, 0x0d, 0x55, 0x09, 0x5c, 0x90, 0xda, 0x0a, 0x38, 0x1b,
            0xf9, 0xc9, 0xd1, 0x02, 0xb7, 0xd6, 0x4e, 0x6b, 0x6f, 0xd2, 0x0c, 0xe1, 0x35, 0x62,
            0x6d, 0x53, 0x95, 0xbc, 0x43, 0xc8, 0x17, 0x31, 0x46, 0xa4, 0xaf, 0x33, 0x24, 0xe8,
            0xfd, 0x87, 0x54, 0x4f, 0x69, 0x12, 0x04, 0xcd, 0x6e, 0xcc, 0x32, 0x4a, 0xfe, 0xec,
            0xa4, 0x05, 0x61, 0xdd, 0x4d, 0x1b, 0x52, 0x83, 0x75, 0x2a, 0xed, 0x49, 0xd6, 0x6a,
            0xb0, 0x33, 0x28, 0xa7, 0x09, 0xfd, 0x8a, 0x13, 0xf7, 0x65, 0x29, 0xd1, 0x87, 0x9f,
            0xb3, 0x74, 0xda, 0x33, 0x2a, 0x53, 0xf4, 0x57, 0x5b, 0x67, 0x52, 0x43, 0xd4, 0x66,
            0xbe, 0xc6, 0x3c, 0xdf, 0x6e, 0xe2, 0x2b, 0xc2, 0xd0, 0x58, 0x15, 0x87, 0xcf, 0x34,
            0x30, 0xee, 0xcf, 0xd9, 0x97, 0x1c, 0x95, 0x2c, 0xa1, 0x34, 0xa6, 0x4d, 0xb1, 0x8f,
            0x6c, 0xa9, 0x60, 0xf2, 0xb7, 0xf9, 0x43, 0x50, 0xf2, 0x21, 0x46, 0x63, 0x37, 0xa0,
            0xae, 0x1d, 0x25, 0xcd, 0x97, 0xae, 0x36, 0x62, 0x7c, 0x77, 0x08, 0x80, 0x9a, 0x34,
            0x3a, 0x6e, 0x38, 0xce, 0x03, 0x1f, 0xe0, 0xeb, 0x84, 0x7b, 0x1c, 0x25, 0xba, 0x7a,
            0x93, 0xa0, 0xf3, 0x0b, 0xc6, 0x3a, 0x6a, 0x35, 0x62, 0xdb, 0x80, 0x2a, 0xd9, 0x68,
            0xf0, 0x69, 0x82, 0x08, 0xaa, 0xe9, 0xe3, 0x0e, 0x0d, 0xc3, 0xbb, 0x98, 0x4e, 0x10,
            0x35, 0xa8, 0xb6, 0xde, 0xd5, 0xbb, 0x5a, 0xc4, 0x75, 0x62, 0xd0, 0x88, 0xe5, 0x2a,
            0xea, 0x88, 0x56, 0x46, 0x82, 0x69, 0x0a, 0x01, 0x7c, 0x30, 0xa8, 0x74, 0x7f, 0x8f,
            0xb4, 0xb5, 0xee, 0x32, 0xa7, 0x40, 0x94, 0xe6, 0x04, 0x38, 0x0b, 0x13, 0x16, 0x2d,
            0x32, 0x88, 0x8a, 0xae, 0xb2, 0x0c, 0xfb, 0x57, 0x09, 0x15, 0x05, 0xf1, 0x1c, 0x4a,
            0xd4, 0x88, 0x57, 0x8e, 0xd2, 0x4d, 0x9d, 0x5b, 0xc2, 0x6b, 0xf1, 0x19, 0x4d, 0x4d,
            0x76, 0xae, 0x02, 0x54, 0x43, 0x09, 0x4a, 0xf7, 0xfc, 0x5b, 0xd7, 0x74, 0xaa, 0xb7,
            0xd9, 0x23, 0x31, 0xfa, 0x08, 0x0b, 0x95, 0xb4, 0xb2, 0x63, 0xbc, 0x3b, 0x12, 0xbd,
            0xfd, 0x1c, 0xba, 0xd2, 0xd4, 0x77, 0x4c, 0x15, 0x0a, 0x63, 0x75, 0xc3, 0x54, 0x9d,
            0x04, 0x56, 0x57, 0x4c, 0xba, 0x73, 0x12, 0x97, 0x5d, 0x01, 0xdc, 0xa2, 0xb5, 0xd1,
            0xf8, 0x6a, 0x89, 0xaa, 0x69, 0x67, 0xaa, 0xaf, 0xec, 0xbe, 0xf6, 0x02, 0xeb, 0xcb,
            0x23, 0x7d, 0xcb, 0x52, 0xb0, 0x0e, 0xd7, 0xca, 0xb7, 0xb9, 0xc3, 0x28, 0xcf, 0x47,
            0x58, 0x3a, 0xde, 0x05, 0xb6, 0xf8, 0x2f, 0x67, 0x13, 0x79, 0x0b, 0xac, 0xcb, 0x5f,
            0xd0, 0xeb, 0x74, 0x87, 0xfa, 0x1a, 0x9a, 0xf7, 0xe6, 0xaf, 0xf4, 0x2c, 0x52, 0x31,
            0xdc, 0x1b, 0x48, 0xf1, 0x4d, 0xa4, 0x5c, 0xcf, 0x69, 0xde, 0x4b, 0xe8, 0x32, 0x72,
            0x89, 0xe7, 0xf5, 0xe6, 0xcf, 0xe0, 0x98, 0xd3, 0x30, 0x98, 0xfb, 0x31, 0x92, 0xd9,
            0x25, 0xc7, 0xfe, 0x5f, 0x57, 0xae, 0xb7, 0x9c, 0x27, 0xd4, 0x0e, 0x88, 0xb6, 0x90,
            0x6f, 0x55, 0x13, 0x17, 0xd0, 0x6b, 0x2e, 0x04, 0x56, 0x84, 0x46, 0xeb, 0xd9, 0xc4,
            0xa1, 0x57, 0x1e, 0x1b, 0x52, 0x44, 0xbe, 0x1b, 0xca, 0x6b, 0xd1, 0xc4, 0xf5, 0xe1,
            0x92, 0xca, 0x6d, 0xae, 0xb3, 0x12, 0xf4, 0x3d, 0x58, 0x17, 0x0d, 0xf4, 0x10, 0x46,
            0x81, 0xad, 0xbc, 0x58, 0x8d, 0x81, 0x94, 0x15, 0xff, 0x7a, 0xdb, 0xd5, 0xe5, 0xb7,
            0xb0, 0x20, 0xbf, 0xe3, 0xf5, 0xcc, 0x45, 0x2f, 0x77, 0xf2, 0x9d, 0x9c, 0xc9, 0x78,
            0x97, 0x2f, 0x6c, 0x63, 0x79, 0x7f, 0x39, 0xe0, 0x0c, 0x73, 0x5e, 0x75, 0x05, 0x4d,
            0x04, 0xb1, 0x2f, 0x68, 0x8f, 0xd2, 0x68, 0xbf, 0xe3, 0x0c, 0x2f, 0x44, 0xe1, 0x22,
            0x0d, 0xcc, 0x41, 0x0d, 0xb9, 0xfc, 0xd3, 0x8c, 0x01, 0x27, 0x58, 0xdc, 0x7d, 0x12,
            0x68, 0xe2, 0xdd, 0xf0, 0xd2, 0xc5, 0x1b, 0x64, 0xf4, 0x9e, 0x17, 0xce, 0xd3, 0x59,
            0xcf, 0x80, 0xcc, 0x9c, 0xa0, 0x8e, 0x96, 0x01, 0x8d, 0x91, 0x0e, 0x4e, 0x27, 0x5d,
            0x65, 0x57, 0x45, 0x88, 0x44, 0xa8, 0x09, 0x08, 0x72, 0x0e, 0xd0, 0xe7, 0x48, 0xba,
            0x1b, 0x06, 0x10, 0x0b, 0xb2, 0xb0, 0xe0, 0xd7, 0x15, 0xe8, 0x77, 0xc7, 0x4f, 0xec,
            0x1b, 0x22, 0xd3, 0xb8, 0xda, 0xbd, 0x0d, 0x9a, 0xdb, 0x29, 0xe0, 0x90, 0xe2, 0xdf,
            0x99, 0x80, 0xba, 0x80, 0x52, 0xff, 0x7d, 0xf4, 0x53, 0x6b, 0xb2, 0xd6, 0xdc, 0xa2,
            0xb2, 0x64, 0x79, 0x68, 0xe4, 0x20, 0xd7, 0x89, 0x34, 0xde, 0xb2, 0x1d, 0x03, 0x15,
            0xf8, 0xbb, 0x5c, 0x38, 0x42, 0x5f, 0x3a, 0x0f, 0x5d, 0xb5, 0x76, 0x01, 0x6c, 0x4d,
            0x2e, 0x4a, 0xc9, 0x04, 0x84, 0xbc, 0x10, 0x8b, 0xe2, 0x8f, 0x09, 0x2d, 0xd2, 0x9a,
            0xd2, 0xfe, 0x33, 0xbb, 0xd5, 0x75, 0x49, 0xd0, 0x98, 0xd6, 0x0f, 0x10, 0x9e, 0x95,
            0x25, 0x72, 0xa3, 0x57, 0xa0, 0x77, 0x0d, 0x19, 0xa7, 0xcf, 0x00, 0xdb, 0x0e, 0x49,
            0xf8, 0x61, 0x75, 0x6b, 0x2f, 0x26, 0xcd, 0xf6, 0x08, 0xdc, 0xfe, 0x09, 0x2f, 0x9e,
            0x62, 0xfd, 0xb6, 0xe5, 0xa4, 0x7c, 0x5c, 0x1a, 0xf9, 0x0c, 0xe0, 0x9d, 0xf8, 0x3a,
            0x70, 0x85, 0x0a, 0x48, 0xf2, 0x37, 0x05, 0xac, 0x8c, 0xe3, 0x3e, 0x4c, 0x42, 0x05,
            0xf2, 0xaf, 0x52, 0x83, 0x7e, 0x57, 0x90, 0xd2, 0x21, 0xa5, 0xd6, 0x1d, 0x4b, 0x7e,
            0xc6, 0x7b, 0xce, 0x41, 0xe7, 0x65, 0x1c, 0x04, 0x6b, 0x3b, 0x75, 0xbc, 0x44, 0x55,
            0x12, 0x82, 0x85, 0xbe, 0x9c, 0x4b, 0x69, 0x32, 0x42, 0x60, 0xcd, 0xc3, 0x9e, 0x97,
            0x9f, 0xd5, 0x08, 0x52, 0x6f, 0xe8, 0x2a, 0x46, 0x4e, 0x3e, 0x78, 0x68, 0xfd, 0x4e,
            0x11, 0xa4, 0x7a, 0x1b, 0xa0, 0x1a, 0x0b, 0x69, 0xb2, 0x27, 0xd7, 0x12, 0x36, 0xb9,
            0xc0, 0x85, 0xe1, 0xb3, 0xa5, 0x14, 0x26, 0x8e, 0xf1, 0xb2, 0xd8, 0xcc, 0x9f, 0x61,
            0x2e, 0x57, 0x10, 0xcc, 0xff, 0x42, 0x88, 0xed, 0x4b, 0x27, 0x50, 0xba, 0x45, 0xc1,
            0x82, 0x33, 0xc5, 0xbe, 0xa0, 0xb7, 0xe0, 0xd9, 0xeb, 0xdb, 0x68, 0x51, 0x5d, 0x95,
            0x01, 0xf8, 0x92, 0xf0, 0x16, 0xbf, 0x7a, 0xa0, 0x8e, 0x2e, 0x3f, 0xc5, 0x6b, 0x54,
            0xec, 0x7a, 0xb5, 0x51, 0x26, 0x98, 0x82, 0x31, 0xeb, 0x33, 0xf7, 0x40, 0x5d, 0x46,
            0x1a, 0x73, 0x13, 0x5d, 0xcf, 0xfc, 0x22, 0xc4, 0x27, 0x50, 0xcc, 0xe7, 0x8d, 0x61,
            0xc8, 0x31, 0xa7, 0x6d, 0x32, 0xec, 0xa8, 0x73, 0xa1, 0x5f, 0xa3, 0xa5, 0x39, 0x00,
            0xa3, 0x37, 0x57, 0xfe, 0xa3, 0xf9, 0x96, 0xcb, 0x66, 0x9b, 0x09, 0x26, 0x94, 0x10,
            0xdd, 0x11, 0x50, 0xe9, 0xc0, 0x57, 0x7f, 0xdc, 0x33, 0x26, 0x7c, 0x81, 0x7f, 0xb6,
            0x76, 0x59, 0xcd, 0x02, 0xd7, 0xdc, 0xe1, 0x1a, 0xbc, 0xce, 0x86, 0xb7, 0x77, 0x9c,
            0xc9, 0x32, 0xf1, 0xd9, 0xb9, 0xc5, 0x18, 0xa2, 0x5a, 0xfa, 0xe6, 0xff, 0x50, 0xab,
            0x6d, 0x6e, 0x79, 0xf6, 0x2d, 0xa8, 0x22, 0xd7, 0x8f, 0x67, 0x8e, 0xd9, 0xea, 0xe5,
            0x57, 0x3a, 0x67, 0x46, 0x67, 0xcb, 0x13, 0x80, 0xce, 0xff, 0xce, 0x2b, 0x17, 0x0f,
            0x56, 0x9b, 0x85, 0x94, 0xea, 0x24, 0xe0, 0xaf, 0x9a, 0xc9, 0x24, 0x45, 0xd5, 0xf2,
            0xcf, 0x81, 0x31, 0x49, 0x6e, 0xa7, 0x1e, 0xd0, 0x8e, 0xcd, 0xa7, 0x49, 0xf3, 0x0a,
            0xc6, 0xba, 0x0b, 0x6d, 0xa3, 0xb6, 0x76, 0xff, 0xb4, 0xfe, 0x21, 0x1f, 0xf9, 0x05,
            0x14, 0x83, 0x01, 0xa8, 0x13, 0xb4, 0xb1, 0xfb, 0x5f, 0xb2, 0x6f, 0xcb, 0x66, 0x79,
            0x82, 0x2d, 0xbe, 0x42, 0x80, 0x1c, 0x49, 0xd7, 0x39, 0x77, 0xfa, 0x67, 0xdc, 0x77,
            0xf1, 0x74, 0xc6, 0x76, 0x65, 0xd0, 0x79, 0x26, 0x00, 0xd2, 0xa0, 0x21, 0xd9, 0xad,
            0x1d, 0x53, 0xca, 0x42, 0x9d, 0x4d, 0x5e, 0x72, 0xd0, 0xfd, 0xfc, 0x93, 0x92, 0x7c,
            0x10, 0x32, 0xb9, 0x2f, 0x6e, 0xeb, 0xb5, 0x63, 0xba, 0xdb, 0x22, 0xa4, 0x32, 0xeb,
            0xde, 0xfd, 0xb3, 0x17, 0x79, 0xa1, 0x32, 0xb7, 0x7c, 0xe4, 0x02, 0xa4, 0x7b, 0x5c,
            0x07, 0xcc, 0x2a, 0xfb, 0x41, 0x57, 0x64, 0x41, 0x1f, 0x4f, 0x22, 0xb1, 0x80, 0x84,
            0xa5, 0x2c, 0xb0, 0xbb, 0xd4, 0x46, 0xa2, 0x64, 0x0a, 0xba, 0x93, 0x1b, 0xe9, 0x07,
            0xfd, 0x67, 0x60, 0xb6, 0x83, 0x8c, 0x66, 0xee, 0xf5, 0x13, 0xa2, 0xa8, 0x04, 0x31,
            0x0c, 0x0f, 0x6d, 0x92, 0x1b, 0xb7, 0x68, 0x4a, 0x10, 0x0c, 0x9c, 0x60, 0x71, 0xe2,
            0xec, 0x58, 0xb1, 0xa4, 0x3e, 0xfd, 0x2b, 0x99, 0xcd, 0x6e, 0x61, 0x9d, 0x06, 0x84,
            0x76, 0x2a, 0xdf, 0x06, 0x0a, 0x48, 0xa5, 0x98, 0x34, 0xa1, 0x7d, 0x78, 0x23, 0x32,
            0xcb, 0x94, 0x82, 0x84, 0xb7, 0x13, 0xb8, 0x7b, 0x9f, 0xd7, 0xbe, 0xcd, 0x23, 0x14,
            0xde, 0x00, 0x19, 0x49, 0xa8, 0x65, 0x85, 0xe5, 0x9f, 0xf6, 0xc5, 0xc6, 0x49, 0xa5,
            0x27, 0x3f, 0x33, 0xaf, 0x07, 0x94, 0xd8, 0xb2, 0x6c, 0xf3, 0x2c, 0xb0, 0xfd, 0x9a,
            0x9b, 0xda, 0x1d, 0xe6, 0x09, 0x22, 0x24, 0x9e, 0x82, 0x4f, 0x77, 0x08, 0x6b, 0x97,
            0xd3, 0x90, 0xa7, 0xf4, 0x18, 0xd1, 0x8a, 0x70, 0x6c, 0xf9, 0x86, 0x63, 0xcb, 0xa1,
            0xef, 0xda, 0x4c, 0xdb, 0xa7, 0xb3, 0x52, 0x80, 0x8c, 0xac, 0xbf, 0x9d, 0xa0, 0x00,
            0xf8, 0xc1, 0xec, 0xb2, 0x52, 0x1c, 0x2a, 0x64, 0xdb, 0xde, 0x6f, 0xf4, 0x1f, 0x8a,
            0x57, 0xd8, 0x04, 0x75, 0x65, 0x8e, 0xf1, 0x6b, 0x7c, 0xa0, 0xea, 0xc4, 0x89, 0x2c,
            0x70, 0x1b, 0x79, 0x40, 0x4e, 0xc8, 0xed, 0xbe, 0x31, 0x54, 0x51, 0xba, 0xf3, 0x97,
            0x89, 0x1b, 0xa6, 0x1b, 0xea, 0xcc, 0x1b, 0x85, 0x14, 0x0c, 0x36, 0xa0, 0x39, 0xd6,
            0x5c, 0x92, 0x71, 0x35, 0x20, 0x16, 0xc5, 0x5d, 0x26, 0x26, 0xd9, 0x70, 0x64, 0x9e,
            0xc1, 0x58, 0x77, 0xcf, 0x10, 0x6b, 0x3d, 0x01, 0xc4, 0x10, 0xe7, 0x94, 0x1d, 0x60,
            0x88, 0x8c, 0x79, 0xf9, 0x70, 0x3d, 0x61, 0x52, 0x9e, 0xbe, 0xee, 0x95, 0x03, 0x2f,
            0xe6, 0xcd, 0xb9, 0x00, 0x86, 0x15, 0xaf, 0xbf, 0xa5, 0x73, 0x54, 0xd7, 0xeb, 0x56,
            0x03, 0x50, 0xb4, 0xf9, 0x38, 0x82, 0x4e, 0x6d, 0x1b, 0x18, 0x6e, 0x18, 0x40, 0x8f,
            0x16, 0xcf, 0xd3, 0xaf, 0xa0, 0xf6, 0x11, 0x67, 0x03, 0x87, 0x1b, 0x2a, 0x7a, 0x1b,
            0x8a, 0x62, 0x58, 0x79, 0x3a, 0xd6, 0x9f, 0xe3, 0x63, 0x6c, 0xd0, 0x4e, 0x51, 0x83,
            0xa0, 0xfc, 0x95, 0xe2, 0x24, 0xba, 0xb6, 0xa7, 0x57, 0xc8, 0xc1, 0xfe, 0x19, 0x3e,
            0x88, 0x33, 0x54, 0xf9, 0x43, 0x98, 0xcb, 0x64, 0x03, 0xc9, 0x85, 0xf2, 0x45, 0x74,
            0x44, 0x37, 0x43, 0x1e, 0xfa, 0x8e, 0x06, 0x50, 0xad, 0x81, 0x6c, 0x49, 0xb3, 0x03,
            0xc5, 0x2c, 0x9b, 0x76, 0x2e, 0x00, 0xe6, 0xc4, 0x01, 0xf1, 0x97, 0x02, 0x4c, 0x4a,
            0xc9, 0xf7, 0x97, 0x59, 0xa5, 0xed, 0xdb, 0x67, 0x5d, 0xed, 0x02, 0xc6, 0x5f, 0xc1,
            0x72, 0x93, 0xb2, 0x03, 0x01, 0xc6, 0x3f, 0xd7, 0xba, 0x9d, 0x34, 0x20, 0x01, 0x4d,
            0xb9, 0x35, 0x7e, 0xf1, 0x27, 0xb1, 0x9a, 0xd0, 0x5d, 0xf8, 0xec, 0x7e, 0x8d, 0xbf,
            0x1f, 0x62, 0x81, 0x28, 0xe0, 0xb6, 0x2e, 0xe0, 0x3f, 0xf8, 0x67, 0x13, 0xd5, 0x9c,
            0x5f, 0x6d, 0x09, 0x4c, 0x7f, 0xe8, 0xc4, 0x96, 0x8c, 0x90, 0x6c, 0x11, 0x49, 0xc3,
        ],
        implicit_rejection_secret: &[
            0x48, 0xce, 0xac, 0xb8, 0x0d, 0x67, 0x64, 0xcc, 0x76, 0xf3, 0xd2, 0x49, 0x95, 0x63,
            0xf2, 0x4d, 0x3e, 0x6d, 0x45, 0x8a, 0x4e, 0xc7, 0x71, 0xa4, 0x50, 0xad, 0x01, 0xcc,
            0x38, 0x26, 0xbd, 0xdf,
        ],
        invalid_private_key: &[
            0xe3, 0x48, 0xc4, 0xa5, 0xfc, 0x44, 0x78, 0x73, 0x33, 0x38, 0xf2, 0xa7, 0x00, 0x77,
            0xa9, 0x88, 0xea, 0x24, 0x5b, 0x31, 0x3a, 0x31, 0xe4, 0xce, 0xa0, 0x00, 0x82, 0x9d,
            0x10, 0xab, 0xd0, 0x67, 0x60, 0xba, 0xd7, 0x88, 0xe7, 0x7b, 0x47, 0x49, 0xfa, 0x60,
            0xf1, 0x90, 0xae, 0x3b, 0x80, 0x1e, 0xc8, 0x35, 0x46, 0x3c, 0x35, 0x00, 0x79, 0xcc,
            0x42, 0x13, 0x30, 0x71, 0x75, 0x42, 0x72, 0xc8, 0xec, 0x42, 0xb7, 0x9a, 0x32, 0x15,
            0xd9, 0x24, 0x05, 0xb0, 0x83, 0xe3, 0x75, 0x39, 0x16, 0x30, 0x8c, 0x6d, 0xa7, 0x1b,
            0xeb, 0xf6, 0xaa, 0xee, 0x6b, 0x49, 0x6a, 0x0c, 0x37, 0xc2, 0x30, 0x05, 0x53, 0x20,
            0x6c, 0x2b, 0xc0, 0x45, 0x1d, 0x92, 0x9b, 0x52, 0x69, 0x27, 0x62, 0xa9, 0xb5, 0x8d,
            0x77, 0x6a, 0x61, 0xd3, 0x88, 0x74, 0x05, 0x86, 0xd8, 0xa0, 0x53, 0x33, 0x46, 0x6e,
            0x0a, 0xf9, 0x3b, 0x85, 0xb0, 0x14, 0x86, 0x59, 0x00, 0x8a, 0x9a, 0x33, 0x10, 0xcb,
            0x88, 0x1d, 0x50, 0x07, 0xb8, 0xc7, 0x6d, 0xa0, 0x02, 0xd0, 0x27, 0xe9, 0x99, 0xf0,
            0x64, 0x04, 0x0b, 0xa1, 0x06, 0xf2, 0x99, 0x99, 0x02, 0xf1, 0xae, 0x4b, 0x6a, 0x26,
            0x20, 0x89, 0x6e, 0x79, 0x31, 0xba, 0x66, 0x29, 0x05, 0xb5, 0x94, 0x34, 0x6d, 0x26,
            0x89, 0xda, 0xb4, 0x63, 0x40, 0xf3, 0x65, 0xca, 0x27, 0x63, 0x66, 0xe6, 0x47, 0xf1,
            0x48, 0x48, 0x68, 0xbb, 0x68, 0x0b, 0x35, 0xb4, 0xe7, 0x58, 0x73, 0x78, 0xf8, 0x81,
            0x17, 0xab, 0xa4, 0xd3, 0xc3, 0xce, 0xc7, 0x31, 0xa3, 0x41, 0x29, 0xaa, 0x73, 0x44,
            0x38, 0x09, 0xb3, 0x33, 0x1f, 0x5a, 0x11, 0xb9, 0x12, 0x09, 0x93, 0x1c, 0x91, 0x84,
            0xb8, 0xce, 0x19, 0xf7, 0x2a, 0xcd, 0xd2, 0x96, 0xca, 0x5b, 0x87, 0x45, 0x22, 0x9a,
            0xcf, 0x70, 0x5a, 0x84, 0xe4, 0x2a, 0x25, 0x13, 0x10, 0x25, 0xd8, 0xc1, 0xe3, 0x6a,
            0x22, 0x67, 0x30, 0x47, 0xe3, 0x4b, 0x11, 0x9d, 0x18, 0x40, 0x38, 0x16, 0x11, 0x18,
            0xf9, 0x53, 0x7e, 0x89, 0x6d, 0xe9, 0x49, 0x71, 0x90, 0x28, 0x02, 0x64, 0xa6, 0x92,
            0x5c, 0x23, 0xa9, 0xfb, 0xe4, 0xad, 0x25, 0x77, 0xc1, 0xb7, 0x02, 0x0c, 0xbf, 0x93,
            0x55, 0x50, 0x45, 0x9b, 0x5e, 0xe6, 0xa2, 0x6d, 0x62, 0xb0, 0xc3, 0xcb, 0x40, 0xbb,
            0x33, 0xbb, 0x01, 0x57, 0x16, 0x8e, 0xd9, 0x02, 0xae, 0x13, 0x75, 0xfb, 0x90, 0x68,
            0x4c, 0x27, 0x34, 0x7a, 0x85, 0x02, 0x37, 0x27, 0x76, 0x20, 0xb7, 0xa1, 0x13, 0xc3,
            0x64, 0xcd, 0xac, 0x2f, 0xb7, 0x4a, 0xbd, 0x7c, 0x22, 0x78, 0xe2, 0x60, 0x24, 0xfe,
            0xa4, 0x09, 0x73, 0x98, 0x9b, 0xab, 0xe0, 0xc2, 0x72, 0x14, 0x77, 0x2e, 0x1c, 0xc8,
            0xc9, 0x73, 0x6c, 0x17, 0xf3, 0x11, 0xdd, 0x99, 0x1a, 0x3d, 0x5b, 0x1e, 0x2d, 0x60,
            0x28, 0x89, 0x68, 0x74, 0xc2, 0xd4, 0x42, 0xa7, 0x9a, 0xbe, 0x01, 0xe4, 0x96, 0xc7,
            0xf5, 0xa1, 0x6a, 0x3c, 0x87, 0x5a, 0xe2, 0x35, 0x1b, 0x3c, 0x00, 0xcc, 0xa4, 0xb8,
            0xa9, 0xcb, 0x4f, 0x10, 0xc2, 0xa1, 0x0a, 0xc2, 0x5e, 0x69, 0xc4, 0x1f, 0xb0, 0xaa,
            0x87, 0x10, 0xdb, 0xce, 0x27, 0xf3, 0xb5, 0x7e, 0x2b, 0xce, 0x34, 0x26, 0x70, 0x2e,
            0x75, 0x88, 0x92, 0xdb, 0x24, 0x39, 0xc2, 0x67, 0xe7, 0x51, 0x50, 0x83, 0x17, 0x50,
            0x33, 0xf4, 0xce, 0x74, 0xb7, 0x08, 0x57, 0x41, 0x73, 0x9d, 0x8b, 0x0a, 0x65, 0xc5,
            0x2e, 0xa6, 0x22, 0x05, 0x45, 0xbb, 0x0b, 0x41, 0xb0, 0x1d, 0x1a, 0xf0, 0x12, 0x28,
            0x99, 0x32, 0xc6, 0x9b, 0x0d, 0x69, 0x41, 0x0b, 0x5b, 0xa3, 0x5c, 0xa2, 0x45, 0x72,
            0xf8, 0x0a, 0x70, 0x96, 0x30, 0x7b, 0x71, 0x48, 0x36, 0xb6, 0xd9, 0xb8, 0xaa, 0xdb,
            0x2c, 0x3a, 0xb2, 0xba, 0x92, 0xbc, 0x6c, 0xa6, 0x77, 0x61, 0xd0, 0x42, 0x6e, 0xcc,
            0x81, 0x55, 0x74, 0x43, 0x5a, 0x22, 0x68, 0x4f, 0x6d, 0x06, 0x55, 0x95, 0x50, 0xb3,
            0x26, 0x17, 0x72, 0x88, 0x36, 0x44, 0x83, 0x74, 0x2e, 0x93, 0xf6, 0x3f, 0x5a, 0xb7,
            0x1b, 0x14, 0x9c, 0x4b, 0xa7, 0x73, 0xad, 0x94, 0xb1, 0x72, 0x6c, 0xfc, 0x7b, 0x75,
            0xda, 0x8a, 0xf4, 0xa6, 0x20, 0x80, 0xe3, 0x62, 0x5f, 0x72, 0x9c, 0x82, 0x82, 0x4f,
            0x1f, 0xe6, 0xab, 0x9e, 0xb7, 0x8f, 0x3b, 0x90, 0x2c, 0x06, 0x10, 0x6e, 0xcc, 0x8a,
            0x43, 0xec, 0x23, 0xc4, 0xb8, 0xcc, 0xbb, 0x0b, 0x32, 0x0b, 0x53, 0xe0, 0x98, 0x34,
            0x75, 0x75, 0x0c, 0xb4, 0x11, 0x06, 0x2a, 0x27, 0xf9, 0xa8, 0x3c, 0xbd, 0x91, 0x1f,
            0xc6, 0xe3, 0x03, 0x75, 0xe3, 0xb2, 0xe7, 0xc5, 0x74, 0x80, 0x2c, 0x00, 0x30, 0x55,
            0xb5, 0x8b, 0x63, 0x45, 0x0b, 0x09, 0x6e, 0xa0, 0x15, 0x91, 0x80, 0x04, 0xc6, 0x41,
            0xb5, 0x04, 0xb3, 0xc2, 0xa4, 0x8d, 0xe1, 0x80, 0x0a, 0x44, 0x60, 0x33, 0x1a, 0x2b,
            0xa3, 0x13, 0x86, 0x91, 0x26, 0x8d, 0xf1, 0xec, 0x9e, 0xbf, 0xac, 0x3b, 0x1c, 0xe8,
            0x36, 0x29, 0xa4, 0xb3, 0x9b, 0xd7, 0x07, 0xfd, 0xbb, 0x39, 0x4f, 0xa3, 0x4c, 0x67,
            0x87, 0x9a, 0x48, 0xf8, 0x31, 0x3e, 0x64, 0x6f, 0xc7, 0x6b, 0xbc, 0xb4, 0xa8, 0xce,
            0x8b, 0x8b, 0xab, 0xeb, 0x66, 0x18, 0x99, 0x9a, 0x5f, 0xd9, 0x96, 0x4d, 0x21, 0xe1,
            0x62, 0x53, 0x86, 0x9c, 0x97, 0xf4, 0xcb, 0x87, 0x02, 0x8b, 0x83, 0x90, 0x10, 0x34,
            0xc4, 0x6b, 0xc5, 0xc5, 0x8a, 0x78, 0x79, 0x6b, 0xb5, 0xd6, 0x22, 0x3d, 0xa8, 0x9d,
            0xd3, 0xc6, 0x96, 0xdd, 0xd6, 0x99, 0xd4, 0x70, 0x70, 0x3d, 0x32, 0xad, 0x4b, 0x4c,
            0xb6, 0x3d, 0xb3, 0x85, 0xb5, 0x1a, 0x93, 0x51, 0x1a, 0x96, 0x54, 0x04, 0xc7, 0x05,
            0x3c, 0x66, 0x5a, 0x2a, 0x67, 0x34, 0x9c, 0x76, 0xdc, 0x30, 0x83, 0x58, 0x38, 0x67,
            0x60, 0x35, 0x82, 0x14, 0xb2, 0x5d, 0xfb, 0x8c, 0x18, 0x50, 0x7b, 0x9d, 0x57, 0x9c,
            0xa5, 0xd7, 0xfa, 0x36, 0xf1, 0x04, 0xc2, 0x66, 0xc2, 0x0f, 0xe5, 0xb5, 0x8f, 0x7e,
            0x97, 0x18, 0x1c, 0xa5, 0xb8, 0x5e, 0x99, 0x2d, 0x6e, 0x37, 0x1f, 0xc7, 0xb9, 0x21,
            0x08, 0xfa, 0x28, 0x41, 0xab, 0x1d, 0x32, 0xf0, 0x7e, 0x3d, 0x48, 0x24, 0x87, 0xc0,
            0x80, 0xdf, 0xba, 0xc4, 0x51, 0xf2, 0x46, 0xd4, 0xc6, 0x25, 0x57, 0xa1, 0x64, 0x82,
            0x9a, 0x46, 0x1b, 0x8b, 0x2b, 0x6b, 0xf3, 0x74, 0x28, 0x42, 0xab, 0x9d, 0x43, 0x9b,
            0x4b, 0x71, 0x3a, 0x65, 0xf4, 0x36, 0x1c, 0x86, 0x64, 0x73, 0x44, 0xb7, 0x17, 0x5b,
            0x12, 0x6a, 0xd2, 0x38, 0xa3, 0x45, 0x8f, 0x0b, 0xf2, 0xba, 0x19, 0xf3, 0x7b, 0x1a,
            0x28, 0x7b, 0xf3, 0x76, 0x9e, 0x8b, 0xd2, 0xc7, 0x81, 0x10, 0x2f, 0x78, 0x0c, 0x8b,
            0x6a, 0xca, 0xce, 0xfe, 0x98, 0xb2, 0x45, 0x8a, 0x9c, 0xa9, 0x53, 0xc2, 0x2f, 0x16,
            0x1b, 0x71, 0x15, 0x06, 0x52, 0x05, 0x7b, 0x36, 0xb9, 0xc5, 0x37, 0xe2, 0x7f, 0x22,
            0xf5, 0x83, 0xa0, 0x35, 0x45, 0x8a, 0xa1, 0x6f, 0x06, 0x34, 0x75, 0xea, 0x98, 0x83,
            0x68, 0x12, 0x1f, 0xff, 0xe7, 0x57, 0x71, 0xe2, 0x3f, 0xce, 0x36, 0x0c, 0x19, 0x10,
            0x44, 0x3f, 0x9a, 0x1c, 0xc2, 0x47, 0x08, 0x48, 0xb1, 0x8e, 0x79, 0x22, 0x69, 0xf6,
            0x81, 0x95, 0xd4, 0x99, 0x16, 0x5b, 0xd0, 0x37, 0x7f, 0x25, 0x5d, 0x5f, 0xb4, 0x45,
            0x9d, 0xe6, 0xae, 0x0f, 0x99, 0x16, 0x27, 0x73, 0xaf, 0xe9, 0x18, 0x17, 0x7a, 0xc1,
            0x21, 0x76, 0x6a, 0x60, 0xb7, 0xac, 0xa8, 0x35, 0x05, 0x63, 0x97, 0x79, 0x30, 0x40,
            0x25, 0x30, 0xb8, 0x96, 0x90, 0x49, 0xb8, 0x17, 0x9c, 0xc6, 0x93, 0xc9, 0x85, 0x7d,
            0xf3, 0xb3, 0x90, 0xe3, 0x36, 0x73, 0xdc, 0xb0, 0x44, 0x4f, 0xb7, 0xc4, 0xe5, 0xc5,
            0x34, 0x60, 0x24, 0xc4, 0x95, 0x01, 0x37, 0x1e, 0xbb, 0x9f, 0x33, 0xa9, 0x35, 0xc8,
            0x90, 0xbd, 0x05, 0x61, 0x8b, 0x83, 0xd4, 0xc4, 0x0d, 0xc9, 0x6c, 0x52, 0x3c, 0x13,
            0xe4, 0xe5, 0x50, 0x57, 0xe8, 0x6f, 0x18, 0x75, 0x1d, 0x19, 0x6c, 0x57, 0x44, 0x94,
            0xa9, 0xab, 0x48, 0x2f, 0x6b, 0x95, 0x61, 0x08, 0x22, 0x0d, 0x39, 0xd8, 0x9e, 0xdf,
            0x85, 0x3e, 0x65, 0x20, 0x5c, 0x00, 0x6a, 0x75, 0x81, 0x80, 0x58, 0xbc, 0xd7, 0x76,
            0x9c, 0x46, 0x36, 0x41, 0x45, 0x0f, 0x66, 0x18, 0xa8, 0x99, 0x67, 0xa9, 0x9b, 0x83,
            0x82, 0x1b, 0x53, 0xa0, 0x9a, 0xe1, 0x85, 0x88, 0x68, 0xb5, 0x76, 0x54, 0xa0, 0xaf,
            0x27, 0x88, 0x8a, 0x4a, 0x53, 0xa7, 0xb4, 0x13, 0x11, 0xd0, 0xa4, 0xea, 0xf0, 0x19,
            0x73, 0x56, 0x3f, 0x99, 0x94, 0x52, 0x18, 0x38, 0x2a, 0x9b, 0x78, 0x9e, 0x86, 0x25,
            0x25, 0xa9, 0x66, 0x90, 0x75, 0x77, 0x69, 0xa5, 0x77, 0x12, 0x87, 0x6b, 0xa5, 0x73,
            0xb2, 0x77, 0x98, 0xf9, 0xa2, 0xb1, 0x28, 0x84, 0xa9, 0x74, 0xa8, 0x5f, 0x92, 0x3f,
            0x15, 0xea, 0x55, 0x2e, 0x33, 0x67, 0x42, 0xc7, 0x7d, 0xaf, 0xab, 0x87, 0xfc, 0x29,
            0xca, 0xfd, 0x9b, 0x2a, 0x2a, 0xba, 0x59, 0xd5, 0x53, 0x73, 0xdb, 0x9a, 0xc9, 0x13,
            0xac, 0x3b, 0xf4, 0x80, 0x2c, 0x65, 0x81, 0x63, 0x0b, 0x39, 0xcd, 0xe3, 0xc0, 0x6e,
            0xc6, 0xf1, 0xa3, 0xc5, 0x96, 0x0f, 0xd9, 0x82, 0x5f, 0xe4, 0xc1, 0x03, 0xae, 0x68,
            0x76, 0x7b, 0x21, 0xa4, 0xb3, 0x71, 0xb0, 0xd0, 0xbb, 0x5f, 0x06, 0xf1, 0xb9, 0x29,
            0x32, 0x7a, 0x7f, 0x3a, 0x61, 0x8e, 0x08, 0x14, 0xa6, 0x53, 0x18, 0xb9, 0x45, 0x33,
            0x92, 0x1b, 0x56, 0x83, 0x94, 0x12, 0xdc, 0x2a, 0x9a, 0x41, 0xfb, 0xad, 0x21, 0x57,
            0x7e, 0x5b, 0x11, 0xa8, 0x45, 0x13, 0x32, 0x75, 0x05, 0x59, 0x2e, 0x82, 0xc4, 0xc8,
            0x30, 0x87, 0xa2, 0x00, 0x9f, 0x5d, 0x26, 0x19, 0xd0, 0x8b, 0x43, 0x3b, 0xf8, 0xcb,
            0xb0, 0xc9, 0x21, 0xf4, 0x9b, 0xbe, 0x97, 0xdb, 0x52, 0x5b, 0x60, 0x94, 0x2a, 0x70,
            0xbe, 0xdf, 0xfa, 0x4f, 0xa1, 0x71, 0x1a, 0xb1, 0x99, 0xca, 0x82, 0x84, 0x50, 0xbd,
            0x7a, 0x45, 0xe4, 0x93, 0x5e, 0x51, 0x58, 0x24, 0x1a, 0x15, 0x37, 0x00, 0xd5, 0x4b,
            0x5f, 0x37, 0x56, 0xf8, 0x90, 0x04, 0x76, 0x36, 0xa3, 0xfe, 0x37, 0xbd, 0xf7, 0x7a,
            0xba, 0xbe, 0x03, 0x43, 0x41, 0xa6, 0x4c, 0xbb, 0xc0, 0x91, 0x10, 0x81, 0x2d, 0x9f,
            0xf7, 0x95, 0xad, 0x00, 0xa6, 0xf3, 0xf8, 0x85, 0x6a, 0x40, 0x3a, 0x85, 0xa9, 0x32,
            0x1e, 0xc2, 0x43, 0xf4, 0xa4, 0x90, 0x09, 0x88, 0x0e, 0x22, 0x41, 0x88, 0x2e, 0x79,
            0x87, 0xd4, 0x05, 0xaf, 0x47, 0xda, 0x7e, 0x43, 0xe9, 0xad, 0xe0, 0x6a, 0x79, 0x22,
            0x2a, 0x5f, 0x3a, 0xe7, 0x29, 0xfc, 0xd5, 0x88, 0x59, 0x63, 0xa9, 0x85, 0x81, 0x41,
            0xef, 0xb7, 0x53, 0x41, 0x76, 0x10, 0x2e, 0xb0, 0x1f, 0xba, 0x43, 0x60, 0xe1, 0xf1,
            0x6b, 0xd8, 0x7a, 0xaa, 0x66, 0x21, 0x1e, 0xeb, 0x75, 0xa6, 0x2c, 0x1a, 0x6b, 0x5e,
            0xa2, 0x31, 0xd4, 0x5c, 0xa2, 0xf1, 0x33, 0xb2, 0x48, 0x79, 0x63, 0x0a, 0xe2, 0xb8,
            0x48, 0x92, 0x65, 0xcd, 0x80, 0x24, 0xca, 0xcb, 0x14, 0x29, 0x37, 0x86, 0x36, 0x2b,
            0x6f, 0x27, 0x1b, 0xa4, 0x4d, 0x81, 0x87, 0x91, 0xa9, 0x4f, 0x40, 0x00, 0x06, 0xd6,
            0x38, 0x97, 0xf2, 0xa5, 0x77, 0x5f, 0xba, 0x12, 0x2e, 0x6a, 0x47, 0x9a, 0x5b, 0x0c,
            0x25, 0x59, 0xb7, 0x89, 0x05, 0x52, 0x10, 0x53, 0x5a, 0x10, 0xfc, 0x97, 0x06, 0x3a,
            0x7d, 0x1e, 0x79, 0x9a, 0xac, 0xbb, 0xb8, 0xdf, 0x91, 0x77, 0x4a, 0xc4, 0x4f, 0xb1,
            0x64, 0xa7, 0xe4, 0xa5, 0x00, 0x18, 0xe9, 0x0c, 0x25, 0x54, 0x95, 0x29, 0x46, 0x81,
            0x0d, 0x69, 0x5f, 0xe6, 0xa9, 0x7f, 0x31, 0x29, 0x47, 0xe6, 0x0a, 0x86, 0x06, 0x2a,
            0x16, 0x83, 0xe4, 0x5d, 0x90, 0x42, 0xb5, 0x0b, 0x72, 0xa7, 0x19, 0xa6, 0x63, 0x7f,
            0xfb, 0x80, 0xdc, 0x78, 0x2e, 0x81, 0x32, 0x7f, 0x79, 0x64, 0x32, 0xa4, 0x78, 0xc7,
            0x6d, 0x19, 0xc0, 0x97, 0xfb, 0x19, 0xfe, 0xb1, 0x7c, 0xe6, 0xbb, 0xaa, 0x8b, 0x70,
            0x2e, 0x3f, 0x49, 0x34, 0x8a, 0x31, 0xaa, 0x39, 0x73, 0xbd, 0xb2, 0xc5, 0x93, 0x22,
            0x18, 0x39, 0xd4, 0x2c, 0x6b, 0x20, 0xfc, 0x56, 0x89, 0x42, 0x55, 0x68, 0xa4, 0x6a,
            0x68, 0xb2, 0x36, 0x9c, 0x35, 0x2e, 0x32, 0xf3, 0xb2, 0xc3, 0xba, 0x51, 0x58, 0x78,
            0x99, 0x00, 0xcb, 0x8c, 0xeb, 0x56, 0xab, 0x46, 0xfc, 0xa4, 0x94, 0x3c, 0xbf, 0x88,
            0xfa, 0x5a, 0x11, 0xf3, 0x1c, 0xb8, 0x01, 0x98, 0xa7, 0xec, 0x61, 0xe3, 0x2b, 0x67,
            0xe4, 0xac, 0xad, 0x77, 0xab, 0xc3, 0xdc, 0x28, 0x88, 0xda, 0x95, 0x8b, 0x55, 0x7b,
            0x3e, 0x42, 0x17, 0x71, 0x01, 0x0a, 0xc7, 0xa3, 0xa6, 0x73, 0x19, 0x49, 0x5a, 0x1c,
            0xc2, 0x52, 0xb2, 0xf3, 0x98, 0xdd, 0xc9, 0x99, 0x89, 0x2a, 0x85, 0x3a, 0x05, 0x9b,
            0x4b, 0xeb, 0x1c, 0x85, 0x97, 0x66, 0x62, 0xbb, 0x40, 0xe7, 0x73, 0x90, 0xde, 0x60,
            0x9c, 0x28, 0x62, 0x2f, 0x81, 0x71, 0x6c, 0xb6, 0x04, 0x1f, 0xf0, 0x47, 0x3a, 0x7f,
            0xf2, 0x7c, 0x12, 0x23, 0x14, 0x21, 0x36, 0x82, 0x00, 0x23, 0x96, 0xe3, 0xcc, 0xab,
            0x09, 0xac, 0x1d, 0xf8, 0x10, 0x87, 0x82, 0x5a, 0x2e, 0xd6, 0x39, 0x18, 0xb3, 0x0a,
            0x91, 0x43, 0xb9, 0x54, 0x49, 0xd5, 0xaf, 0xaf, 0x05, 0x39, 0x55, 0x44, 0x12, 0x9b,
            0xc5, 0x29, 0x2f, 0xa7, 0x87, 0xd5, 0x53, 0x53, 0xba, 0xe5, 0x18, 0x16, 0x21, 0x9a,
            0xd1, 0xa3, 0x60, 0x6d, 0xf3, 0x21, 0x33, 0x0c, 0x23, 0xaa, 0xdb, 0x5e, 0x03, 0x89,
            0x2f, 0x98, 0xf3, 0x11, 0x9d, 0x07, 0x48, 0x5e, 0x5b, 0x13, 0x6c, 0x12, 0x5a, 0x06,
            0x74, 0x52, 0x8c, 0xd5, 0x11, 0xc9, 0xe6, 0x03, 0x65, 0x18, 0x5b, 0x35, 0xaa, 0x88,
            0x2d, 0x4a, 0x93, 0x74, 0x98, 0x36, 0x20, 0xa4, 0x40, 0x2b, 0x9a, 0x92, 0x03, 0x46,
            0x73, 0x35, 0xc7, 0x4c, 0xa7, 0x41, 0x0b, 0x8a, 0x23, 0x5c, 0x59, 0xf1, 0x4f, 0xea,
            0x1b, 0x67, 0x12, 0x1c, 0x22, 0x41, 0xdb, 0x80, 0x27, 0xdc, 0xb1, 0x1f, 0xbb, 0x72,
            0x5e, 0x33, 0x8e, 0xb1, 0xfc, 0x99, 0x11, 0xfc, 0x39, 0x9f, 0xb6, 0x8a, 0xe3, 0x1c,
            0xcd, 0xe3, 0x68, 0x6e, 0xbc, 0x1a, 0x2a, 0x22, 0x9c, 0xa0, 0xcf, 0xb7, 0xc2, 0x00,
            0x6d, 0x7a, 0x54, 0xe0, 0x1a, 0x16, 0x40, 0xbf, 0x8a, 0x76, 0x91, 0xfc, 0x0c, 0xc4,
            0x57, 0x85, 0x9d, 0x62, 0x36, 0x70, 0xb7, 0x59, 0x8c, 0x29, 0x12, 0x0c, 0x5f, 0x5b,
            0x87, 0x74, 0x51, 0x6f, 0x20, 0xd5, 0x2b, 0xdc, 0xf0, 0xcd, 0x38, 0x49, 0x67, 0xa0,
            0x8b, 0x18, 0x29, 0x96, 0xa2, 0x25, 0x39, 0x2c, 0x26, 0x29, 0x15, 0x05, 0x42, 0x75,
            0x25, 0x13, 0xac, 0x54, 0xb8, 0x49, 0x7b, 0x52, 0x15, 0x03, 0x14, 0x1d, 0x2a, 0xa4,
            0x41, 0x28, 0x1b, 0x41, 0x51, 0x9b, 0xca, 0x7f, 0xe8, 0x20, 0x8e, 0xc1, 0xcc, 0x69,
            0xe3, 0x1e, 0xeb, 0xf1, 0x79, 0xa7, 0x3a, 0xc3, 0x92, 0x55, 0x70, 0x69, 0x85, 0x2c,
            0x27, 0x35, 0x05, 0xfe, 0x30, 0xcc, 0x8d, 0x92, 0x7e, 0x21, 0xa1, 0xc0, 0xc4, 0x18,
            0x5a, 0x99, 0x7b, 0x5c, 0x53, 0x4b, 0xbd, 0x4f, 0xf7, 0xa3, 0x02, 0x92, 0x1d, 0xb1,
            0x3a, 0xc2, 0x54, 0x05, 0x26, 0x62, 0x95, 0x96, 0xf5, 0xa4, 0x13, 0x95, 0xfb, 0xc8,
            0xb9, 0x83, 0x16, 0xa9, 0x36, 0x36, 0x79, 0xf5, 0x23, 0xb4, 0xd9, 0xac, 0x4d, 0x59,
            0x6e, 0xd9, 0xd7, 0x0a, 0x74, 0x48, 0x5e, 0xde, 0xe0, 0x9a, 0x94, 0xd5, 0xcc, 0xd3,
            0x21, 0x80, 0xbf, 0xcc, 0x45, 0xfc, 0xea, 0xa9, 0x7c, 0x05, 0xb9, 0xd8, 0xe5, 0x84,
            0x73, 0x34, 0x63, 0x1d, 0x55, 0x0a, 0x82, 0x85, 0x16, 0x00, 0xf1, 0x10, 0x0d, 0xa9,
            0xcc, 0x41, 0x26, 0x5d, 0x4f, 0xb5, 0x8b, 0xf4, 0x3a, 0x13, 0xdf, 0x39, 0xb0, 0x6f,
            0x76, 0x0c, 0x6e, 0xb0, 0xa3, 0xd4, 0xa0, 0xcf, 0xd4, 0x25, 0x44, 0x8d, 0xf7, 0xad,
            0xa2, 0x44, 0x10, 0x60, 0xa7, 0x60, 0xa3, 0x95, 0x70, 0x79, 0x48, 0x3f, 0xd9, 0x67,
            0x04, 0x62, 0xfb, 0x18, 0xf3, 0x63, 0xbe, 0x21, 0x02, 0x7b, 0xfc, 0x74, 0x5e, 0x5f,
            0x74, 0xa0, 0xb5, 0x3a, 0xb1, 0xba, 0x92, 0xc5, 0x9a, 0x61, 0x52, 0x70, 0xc7, 0x04,
            0x91, 0x41, 0xce, 0x3c, 0xfb, 0x85, 0x4f, 0x45, 0x57, 0x8b, 0x5b, 0x14, 0xff, 0xd2,
            0x91, 0xfa, 0x82, 0x30, 0x7f, 0xd6, 0x2e, 0x3e, 0x00, 0x8d, 0xd1, 0x47, 0x81, 0xa6,
            0xd4, 0x1b, 0x7e, 0x85, 0x1a, 0x6b, 0x63, 0xcb, 0x54, 0xf3, 0x3e, 0x68, 0x1b, 0x4a,
            0x73, 0xca, 0x18, 0x60, 0x92, 0xb3, 0x42, 0x02, 0x64, 0x56, 0x43, 0x03, 0x0d, 0xe4,
            0x84, 0xc8, 0xb4, 0xa8, 0xea, 0x19, 0x2a, 0x99, 0x35, 0x52, 0x48, 0x43, 0x00, 0x7e,
            0x98, 0x77, 0x83, 0x98, 0x8c, 0xa3, 0xd3, 0x56, 0x5b, 0xd2, 0x60, 0xad, 0x35, 0x07,
            0x0a, 0xf8, 0x0b, 0xa0, 0x2b, 0x02, 0x44, 0x31, 0xa1, 0x38, 0x97, 0x30, 0x1d, 0x40,
            0x76, 0xd0, 0x03, 0x34, 0x78, 0x97, 0x8c, 0x61, 0x82, 0x0d, 0x2c, 0x0c, 0xaf, 0xf5,
            0x32, 0x98, 0x15, 0xc6, 0xbb, 0x6a, 0x38, 0x50, 0xa4, 0x31, 0x48, 0x55, 0xd4, 0x07,
            0x54, 0xc4, 0x76, 0x37, 0xb6, 0x3d, 0xaa, 0xba, 0xad, 0xb9, 0x23, 0x80, 0x1f, 0x04,
            0xb2, 0xa8, 0x68, 0x21, 0x28, 0x35, 0xc4, 0xf5, 0x03, 0x6b, 0x32, 0xc9, 0xba, 0x45,
            0x40, 0x35, 0xd0, 0x02, 0x78, 0x68, 0x39, 0x31, 0xd9, 0x57, 0x36, 0x00, 0xaa, 0xb6,
            0x55, 0x4a, 0x60, 0x93, 0xe7, 0xb4, 0x51, 0xca, 0x1d, 0xc8, 0xdb, 0xaf, 0xfc, 0x17,
            0x31, 0x8a, 0xa2, 0x23, 0xeb, 0xe1, 0xbd, 0x86, 0x9a, 0x24, 0xd5, 0xd2, 0x71, 0x8e,
            0xf5, 0x27, 0x19, 0x94, 0xb8, 0xf8, 0x7b, 0x7f, 0x07, 0xbc, 0x76, 0xae, 0x95, 0x61,
            0x34, 0xe4, 0x73, 0x78, 0xb5, 0x62, 0x27, 0xf8, 0x5e, 0x2b, 0xa8, 0xcc, 0x73, 0x26,
            0x59, 0x4c, 0x29, 0x8e, 0x24, 0x98, 0x27, 0x2a, 0x54, 0xa3, 0x45, 0x57, 0x03, 0x1c,
            0xe0, 0x00, 0x6b, 0xa1, 0x2e, 0x8f, 0xcc, 0x31, 0xdb, 0x44, 0x8f, 0xe3, 0x90, 0xb4,
            0x1c, 0xd0, 0x23, 0x66, 0x84, 0x92, 0x61, 0x64, 0x1f, 0xaa, 0x28, 0x92, 0x96, 0xd7,
            0x68, 0x7e, 0x05, 0x2c, 0x82, 0x69, 0x30, 0x53, 0x4a, 0x1c, 0xe5, 0x3a, 0x15, 0xce,
            0x65, 0x5b, 0x82, 0x96, 0x99, 0xd0, 0x4c, 0x16, 0x8f, 0x43, 0x35, 0x6e, 0x61, 0x67,
            0xd9, 0x02, 0x35, 0x52, 0x4c, 0x49, 0x98, 0xa4, 0x78, 0x91, 0xb8, 0x00, 0xe3, 0x5c,
            0x3d, 0x21, 0x6c, 0xa4, 0x12, 0x97, 0x84, 0x0a, 0x81, 0x74, 0xe2, 0x67, 0x8b, 0x7e,
            0x67, 0x89, 0x67, 0xd0, 0x5c, 0xb6, 0x22, 0x3d, 0xbd, 0x50, 0x3e, 0x0f, 0xd4, 0xa3,
            0x19, 0x94, 0x8f, 0x8f, 0xb2, 0x56, 0x86, 0xf4, 0x47, 0x82, 0x40, 0x6e, 0x55, 0xc5,
            0x38, 0x3d, 0x92, 0x9c, 0xf8, 0xa4, 0x95, 0xac, 0x83, 0x4c, 0xc0, 0xa0, 0x36, 0x5f,
            0x81, 0xbb, 0xaa, 0x81, 0x32, 0x77, 0x77, 0x35, 0xd2, 0x07, 0xc9, 0x75, 0x00, 0x45,
            0xd3, 0xb2, 0xcd, 0xb0, 0x56, 0x11, 0x37, 0xa9, 0x19, 0xa4, 0xa3, 0x50, 0x93, 0x50,
            0xbd, 0x84, 0x9a, 0x1c, 0x0b, 0xb6, 0x03, 0x8c, 0x65, 0x62, 0x7e, 0x79, 0xb0, 0x24,
            0x75, 0x14, 0x40, 0x77, 0x48, 0xa6, 0x31, 0xb7, 0x3a, 0x6c, 0xc3, 0x6d, 0xc3, 0x1e,
            0x71, 0x6b, 0x6f, 0x30, 0x51, 0xb1, 0x39, 0xe8, 0xa7, 0xd9, 0xe1, 0x80, 0x0b, 0xc0,
            0x1e, 0x0c, 0xd2, 0x24, 0xbe, 0xe8, 0x7e, 0xb0, 0xb0, 0xa1, 0xc2, 0xb8, 0x91, 0x73,
            0xb1, 0x64, 0xcb, 0x8c, 0xbb, 0xfe, 0x31, 0xbf, 0x0e, 0xb8, 0x06, 0x0f, 0x6a, 0x48,
            0xcd, 0xc7, 0x4f, 0x62, 0xb2, 0x01, 0x8e, 0x6b, 0x48, 0x93, 0xdb, 0x10, 0xcb, 0x90,
            0x43, 0x72, 0x7a, 0x99, 0xef, 0x88, 0x89, 0xf8, 0x59, 0x52, 0x9b, 0x4a, 0x17, 0x0b,
            0xa6, 0x01, 0x98, 0xb6, 0x19, 0xb4, 0xf3, 0xb0, 0xe9, 0x10, 0x12, 0xc8, 0x8c, 0x85,
            0xeb, 0xf0, 0xa2, 0xc8, 0x44, 0x05, 0x6a, 0x07, 0x1b, 0x42, 0xd8, 0x2a, 0xe8, 0xeb,
            0x56, 0xa6, 0x53, 0x63, 0x8d, 0x97, 0x76, 0x97, 0xbb, 0xa8, 0x14, 0xc1, 0xa7, 0xe3,
            0x48, 0x60, 0xa8, 0xcc, 0xae, 0x4f, 0x93, 0x64, 0xde, 0x31, 0x10, 0xac, 0x6c, 0x9a,
            0x32, 0xfb, 0x4d, 0x2a, 0x92, 0xb5, 0x10, 0x7a, 0x49, 0x53, 0x37, 0xa3, 0x9d, 0x10,
            0x17, 0xa9, 0xf9, 0x80, 0x08, 0x11, 0x3d, 0x66, 0xf6, 0x0d, 0xd2, 0x4a, 0x8a, 0x45,
            0xb3, 0xb7, 0x10, 0x67, 0x04, 0xf5, 0x25, 0x10, 0x62, 0x46, 0xaf, 0xf2, 0xab, 0x86,
            0xf6, 0x9b, 0x55, 0x2b, 0x52, 0x35, 0xad, 0xc5, 0x95, 0x40, 0x16, 0xa5, 0xa5, 0xb4,
            0xaf, 0x09, 0x93, 0x14, 0x12, 0xc3, 0x21, 0x56, 0xe5, 0xc4, 0xbd, 0xaa, 0xc8, 0xe0,
            0x24, 0xb1, 0x36, 0x69, 0x3f, 0x7e, 0x5a, 0x87, 0x87, 0xdb, 0x04, 0xbc, 0x36, 0x70,
            0x73, 0x18, 0x7a, 0xed, 0x96, 0x13, 0x40, 0xb7, 0x2f, 0xc8, 0xd7, 0xb8, 0x25, 0xe6,
            0x47, 0x84, 0x41, 0x9b, 0xd9, 0xfa, 0x11, 0x6b, 0x36, 0x25, 0xea, 0x1b, 0xa4, 0x5e,
            0xba, 0x09, 0xd0, 0x4b, 0x52, 0x6e, 0x9a, 0xa2, 0x91, 0x71, 0x18, 0x0c, 0xfa, 0x22,
            0x6d, 0xe9, 0x27, 0xd3, 0xd8, 0x47, 0x3d, 0x48, 0x7f, 0xa6, 0xab, 0x0c, 0xd2, 0x80,
            0x1c, 0x56, 0x29, 0x20, 0x46, 0xe0, 0x23, 0xf5, 0xdc, 0x05, 0x9d, 0xaa, 0x2d, 0xc8,
            0x43, 0x83, 0x4f, 0x92, 0xce, 0xea, 0xf2, 0x12, 0xdc, 0x53, 0xb5, 0x70, 0x40, 0x5d,
            0x77, 0x85, 0x24, 0xf8, 0x79, 0x81, 0xbc, 0x7b, 0x20, 0xf7, 0x1b, 0x35, 0x4f, 0x17,
            0xaf, 0xba, 0x78, 0x01, 0xc7, 0x89, 0xb2, 0xfb, 0x1a, 0xae, 0xa3, 0x0c, 0x10, 0x4c,
            0x96, 0x0d, 0x06, 0x78, 0x66, 0x14, 0x72, 0xcf, 0x49, 0xdb, 0x10, 0x99, 0xf3, 0x3e,
            0x73, 0x28, 0x97, 0xfb, 0xf5, 0x91, 0x1e, 0x76, 0x39, 0xa2, 0x18, 0xc6, 0xfe, 0xa5,
            0xbb, 0x7b, 0x6c, 0xa6, 0x7d, 0x8a, 0x69, 0xe7, 0x98, 0x98, 0xc8, 0x61, 0x37, 0xbc,
            0x00, 0x03, 0x69, 0x97, 0x86, 0x25, 0x40, 0x9e, 0x82, 0xc0, 0x4d, 0x49, 0x23, 0x8f,
            0xed, 0x4a, 0x7d, 0xcf, 0x66, 0xad, 0x81, 0x72, 0x31, 0x22, 0x70, 0x30, 0x54, 0xeb,
            0x43, 0xca, 0xb0, 0x9c, 0x03, 0x48, 0x18, 0x2c, 0xd0, 0xae, 0xd5, 0xe0, 0x24, 0x9f,
            0x97, 0x58, 0xe1, 0x2b, 0x4f, 0x21, 0xa1, 0x92, 0x5e, 0x42, 0x26, 0x1a, 0xc6, 0x4b,
            0x81, 0x17, 0x37, 0xa6, 0x86, 0x08, 0xe4, 0x2e, 0x9c, 0xe7, 0x07, 0x8a, 0x79, 0x0f,
            0xea, 0x26, 0x93, 0x9d, 0xc2, 0x15, 0x37, 0x63, 0x1e, 0x7f, 0xe1, 0x65, 0x9e, 0x14,
            0xd1, 0x74, 0x81, 0x82, 0xae, 0x98, 0x50, 0xb2, 0x2d, 0x41, 0xb6, 0xb2, 0x23, 0x08,
            0x46, 0xa5, 0x61, 0x0b, 0xe0, 0xf7, 0x95, 0x59, 0xd2, 0xf8, 0xba, 0xe8, 0x6e, 0xdd,
            0x17, 0xc0, 0x72, 0xbd, 0xc7, 0xac, 0x6b, 0x34, 0x36, 0xb8, 0x19, 0xd9, 0x5e, 0xd0,
            0x1d, 0xad, 0x5b, 0x75, 0xda, 0x84, 0xf4, 0x95, 0x0d, 0x12, 0xa8, 0xea, 0x14, 0x3a,
            0x22, 0x61, 0x08, 0xbc, 0x66, 0x7c, 0x5f, 0x40, 0xa1, 0xd8, 0x25, 0xe2, 0x0e, 0x6e,
            0x79, 0x28, 0xf1, 0x77,
        ],
        invalid_public_key: &[
            0x02, 0x8d, 0x4c, 0xb2, 0x33, 0x46, 0x60, 0xa5, 0x21, 0x81, 0x49, 0x4d, 0xb4, 0x0c,
            0x07, 0x83, 0x4b, 0xa1, 0xc3, 0x1c, 0x8a, 0xe4, 0x07, 0x28, 0xff, 0xc2, 0x9d, 0xf1,
            0x56, 0x1e, 0x7f, 0x64, 0x80, 0xe2, 0x89, 0xc8, 0x17, 0x94, 0xce, 0xcf, 0xe7, 0x2b,
            0x7f, 0xf5, 0x63, 0xf6, 0xb0, 0x2b, 0x46, 0xd2, 0xce, 0xff, 0xd4, 0x33, 0x1c, 0xaa,
            0x1c, 0x91, 0xba, 0x6b, 0xdb, 0x08, 0xc9, 0x33, 0x41, 0x08, 0xf0, 0xa7, 0x9c, 0x9a,
            0x20, 0x59, 0x87, 0xab, 0x55, 0x0a, 0xf0, 0x55, 0xe5, 0xaa, 0x38, 0x55, 0x00, 0x21,
            0x0f, 0xb3, 0x51, 0x8a, 0xdb, 0xaf, 0x8f, 0x1a, 0x2f, 0xf2, 0x04, 0xad, 0xf2, 0x47,
            0x4f, 0x9a, 0xb6, 0x4e, 0x6d, 0xe3, 0x77, 0x5d, 0x43, 0x0c, 0xda, 0xea, 0x8f, 0xe3,
            0xbb, 0xbd, 0xa5, 0x76, 0x7e, 0x1c, 0x39, 0x91, 0xc9, 0xd4, 0x4d, 0xe8, 0xe2, 0x1b,
            0x8b, 0x83, 0x8a, 0x43, 0x36, 0xab, 0x30, 0x28, 0x5f, 0x5c, 0xc2, 0x46, 0xcf, 0x05,
            0x71, 0x39, 0x1b, 0x2f, 0x45, 0x42, 0x18, 0xd1, 0x1b, 0xce, 0xd4, 0x26, 0x30, 0xdf,
            0x94, 0x12, 0x4f, 0xfc, 0x24, 0xf4, 0x48, 0xb2, 0xa1, 0xa0, 0x15, 0xe4, 0x25, 0x55,
            0x76, 0xe4, 0x7c, 0x25, 0xa7, 0x3a, 0xfa, 0x2c, 0x28, 0xe6, 0x33, 0x5e, 0x49, 0x99,
            0xc2, 0xf6, 0xc9, 0x05, 0xf2, 0xac, 0x82, 0xe4, 0xea, 0xa5, 0xce, 0x2c, 0x0a, 0xad,
            0x9c, 0x91, 0xdd, 0x04, 0x2f, 0x83, 0x61, 0x11, 0x9d, 0xc6, 0x5b, 0x8d, 0xb4, 0x46,
            0x8e, 0xe1, 0x0a, 0x9a, 0x33, 0x7a, 0x31, 0x72, 0x71, 0x13, 0x32, 0x08, 0x03, 0xea,
            0x39, 0x77, 0x55, 0xac, 0x61, 0x3c, 0xa7, 0x2f, 0xe7, 0x5a, 0x6d, 0x74, 0x0c, 0xe9,
            0x24, 0xab, 0x1a, 0x4c, 0xa5, 0x92, 0x45, 0x0a, 0xf4, 0xdc, 0x2d, 0x69, 0xc7, 0x34,
            0x36, 0xd1, 0x3c, 0xb7, 0xba, 0xc1, 0x4c, 0xe6, 0x87, 0x27, 0x34, 0x84, 0x9d, 0x87,
            0x62, 0xc4, 0x21, 0x8e, 0x89, 0x91, 0xb2, 0x8d, 0x54, 0xaf, 0x1f, 0xaa, 0x79, 0x59,
            0x61, 0x6e, 0x2e, 0xea, 0x57, 0x41, 0x67, 0x5b, 0x45, 0x69, 0x63, 0xf3, 0x5c, 0x36,
            0x99, 0x8b, 0xbe, 0xaa, 0x93, 0x1b, 0xc7, 0xb2, 0xad, 0xd2, 0x12, 0x23, 0x86, 0xf7,
            0x31, 0xac, 0x87, 0x24, 0xe9, 0x08, 0x26, 0x38, 0x1b, 0x8b, 0xfd, 0x00, 0x50, 0x8e,
            0x0c, 0x9a, 0x26, 0x04, 0x2c, 0x7d, 0xf0, 0xa8, 0x1a, 0x88, 0x1b, 0x3d, 0x01, 0x52,
            0xb4, 0xe6, 0xac, 0x1f, 0xf8, 0xb8, 0x80, 0x94, 0x7b, 0x12, 0x80, 0x55, 0x42, 0x26,
            0xbe, 0x76, 0x07, 0xaf, 0x82, 0x89, 0x27, 0x6f, 0x6a, 0xa1, 0x3a, 0xcc, 0x57, 0x79,
            0xe2, 0x2c, 0x52, 0x81, 0x6a, 0x4e, 0x77, 0x74, 0x33, 0xa5, 0x86, 0x40, 0x46, 0x82,
            0x41, 0x26, 0x1b, 0x6a, 0xc1, 0x65, 0x52, 0xb7, 0xc1, 0xd0, 0xf1, 0x0e, 0x46, 0x3b,
            0xc3, 0x5c, 0xc4, 0x2f, 0xae, 0xd7, 0xb1, 0xa9, 0xac, 0x16, 0xf3, 0xf3, 0xa0, 0x0d,
            0x15, 0x87, 0x8e, 0xf3, 0x8e, 0xde, 0x99, 0x06, 0x52, 0x23, 0xbc, 0xc3, 0xa0, 0x0c,
            0xc1, 0x74, 0x5c, 0xee, 0xbb, 0x94, 0x54, 0x72, 0xb2, 0xd3, 0x96, 0x0a, 0x3d, 0x20,
            0x62, 0xbb, 0xa7, 0x92, 0x43, 0xb5, 0x47, 0xc8, 0x23, 0x6c, 0xec, 0xc2, 0x64, 0xe3,
            0x1a, 0x1c, 0x38, 0xa4, 0xb0, 0x45, 0x81, 0x62, 0x9a, 0xda, 0x77, 0x85, 0x72, 0x2f,
            0x1b, 0x26, 0x31, 0x16, 0x85, 0x49, 0x0a, 0x94, 0x8e, 0x5a, 0x5b, 0x51, 0xde, 0x9b,
            0x21, 0xca, 0xb5, 0x7b, 0x94, 0x27, 0x7e, 0x40, 0x55, 0x90, 0x4c, 0x3c, 0x43, 0xad,
            0xb6, 0x7d, 0x7f, 0xd9, 0x4a, 0x7d, 0x83, 0x3f, 0xed, 0xcb, 0x6b, 0x3c, 0x31, 0x5e,
            0xbc, 0x60, 0x3b, 0xb1, 0x23, 0x12, 0x45, 0x51, 0x7c, 0x6e, 0x80, 0xcb, 0x2f, 0x01,
            0xb8, 0x8c, 0x47, 0x76, 0x00, 0xbd, 0x41, 0x29, 0x09, 0x4e, 0xc4, 0x09, 0xcd, 0xa2,
            0x61, 0xae, 0x0a, 0xd7, 0x36, 0xac, 0xa9, 0xb7, 0x9d, 0x41, 0xb4, 0x26, 0x9b, 0x83,
            0x43, 0x9c, 0x92, 0xb5, 0x06, 0x9a, 0x07, 0x45, 0x7b, 0xab, 0x01, 0x2f, 0xae, 0xf7,
            0x27, 0x31, 0x05, 0x17, 0x67, 0xc3, 0x53, 0x25, 0xe7, 0x3f, 0x1c, 0x61, 0x80, 0xfd,
            0x59, 0xb2, 0x83, 0x4b, 0xa4, 0xb3, 0x61, 0x1c, 0x70, 0x69, 0x93, 0x1a, 0x96, 0xb5,
            0xe0, 0x39, 0x8c, 0xcc, 0xeb, 0x70, 0x28, 0xc0, 0x18, 0x0e, 0x85, 0x36, 0xcc, 0x48,
            0x87, 0x07, 0x21, 0x95, 0x32, 0x49, 0x51, 0xe1, 0x87, 0x36, 0x20, 0xaa, 0xba, 0xb2,
            0xb8, 0x4b, 0xb3, 0xd4, 0x2d, 0x9a, 0x9b, 0xc3, 0xe5, 0xd6, 0x9b, 0x56, 0x52, 0x97,
            0xe7, 0x0b, 0x98, 0x1f, 0xc2, 0x0b, 0xaa, 0xb2, 0x36, 0x39, 0x97, 0xb1, 0x34, 0x77,
            0x8d, 0x2a, 0x10, 0x22, 0x4c, 0x29, 0x53, 0x71, 0x26, 0x85, 0x10, 0x8b, 0xb1, 0xe2,
            0xe2, 0x4c, 0xcf, 0x3a, 0x36, 0x7f, 0x84, 0x9e, 0xd7, 0x7c, 0xc3, 0xf0, 0xa7, 0x03,
            0x00, 0x02, 0x6c, 0x37, 0xec, 0x3d, 0x20, 0x0c, 0x44, 0xdb, 0x50, 0x85, 0xa4, 0x60,
            0xc6, 0x43, 0x17, 0xc3, 0x04, 0xe1, 0x51, 0xd0, 0xfc, 0x39, 0x5b, 0xf0, 0x2d, 0xfd,
            0x26, 0x31, 0x95, 0x33, 0xa5, 0xda, 0x78, 0x88, 0xcb, 0x01, 0x95, 0x6f, 0x1a, 0xa4,
            0xe7, 0x8b, 0xc1, 0xb2, 0x84, 0x4a, 0x26, 0xb9, 0x21, 0xfc, 0x36, 0xa1, 0x41, 0x67,
            0xa9, 0x99, 0xa4, 0x26, 0x3b, 0xd5, 0x8d, 0x09, 0xb3, 0xb5, 0x2b, 0xf0, 0x4b, 0x7c,
            0xd4, 0xa6, 0x18, 0x31, 0x2a, 0x8a, 0x86, 0x52, 0x7f, 0x01, 0x32, 0xfa, 0xd3, 0x7d,
            0x03, 0x88, 0xa1, 0xcd, 0xf5, 0x31, 0xe9, 0x1c, 0x53, 0x1d, 0x71, 0x0b, 0x0c, 0xa7,
            0x7d, 0x16, 0x3b, 0x93, 0x61, 0x09, 0x89, 0xf3, 0xdc, 0x95, 0x4d, 0xf7, 0x09, 0xe2,
            0xc7, 0x10, 0x7d, 0xe5, 0xab, 0x71, 0x43, 0xcf, 0x50, 0x99, 0xb3, 0x5b, 0x4b, 0x9a,
            0xd6, 0x14, 0x50, 0x43, 0x62, 0x44, 0xc9, 0x00, 0xbd, 0x46, 0xe6, 0x02, 0x04, 0xb1,
            0x1c, 0xbb, 0xa3, 0x4e, 0x41, 0x64, 0x0a, 0x12, 0xea, 0x7a, 0xd2, 0x59, 0x62, 0x76,
            0x4b, 0x9a, 0xb0, 0xe4, 0x18, 0x1a, 0xdb, 0x90, 0x80, 0xa4, 0x0d, 0xef, 0x82, 0x85,
            0xf0, 0x53, 0xc2, 0xd3, 0xe4, 0xaa, 0xb8, 0x1b, 0x23, 0xe8, 0xc7, 0xc0, 0x60, 0x03,
            0x78, 0x67, 0x82, 0x95, 0x0e, 0x7b, 0x3b, 0x6a, 0x12, 0x92, 0x94, 0xc0, 0x02, 0x01,
            0xcb, 0xad, 0x31, 0xe9, 0xbc, 0x53, 0x99, 0xa2, 0xd8, 0x5c, 0xce, 0xae, 0x07, 0x31,
            0xca, 0xf9, 0x61, 0x84, 0xeb, 0x40, 0xc5, 0xd1, 0x3c, 0x36, 0xf3, 0x16, 0x29, 0xe5,
            0x07, 0xdb, 0x20, 0x0c, 0xf5, 0x96, 0x03, 0x56, 0x72, 0x8a, 0x67, 0x27, 0xc8, 0x11,
            0x72, 0xa9, 0xea, 0xd0, 0x39, 0xca, 0x60, 0x4a, 0x1c, 0x91, 0x61, 0x53, 0x92, 0xa9,
            0x19, 0xa2, 0xa6, 0xfb, 0x7b, 0x68, 0x44, 0x6b, 0xbb, 0xbe, 0xa6, 0x23, 0xc2, 0x11,
            0xc2, 0xa2, 0x78, 0x2a, 0xaf, 0xe8, 0x34, 0x4b, 0x2a, 0x00, 0x97, 0x88, 0x0d, 0xa1,
            0xb2, 0x2d, 0xdc, 0xd5, 0x16, 0xf5, 0x80, 0x91, 0x6d, 0x31, 0x2e, 0x32, 0xbc, 0x39,
            0xa2, 0x34, 0x9e, 0xc3, 0x05, 0x81, 0x97, 0xd6, 0x02, 0x29, 0xe2, 0x99, 0xcb, 0xf1,
            0x5f, 0xf7, 0xe3, 0x9b, 0xf6, 0x82, 0xb9, 0xcd, 0x40, 0x63, 0x7b, 0xf8, 0x3c, 0xb6,
            0xb0, 0x7c, 0x55, 0x90, 0x4d, 0xb9, 0x2a, 0x83, 0xc1, 0x00, 0xaa, 0x27, 0xb9, 0xa3,
            0x4a, 0x37, 0x07, 0x5e, 0x03, 0x26, 0xb0, 0x22, 0x48, 0x07, 0x41, 0x49, 0xfd, 0x38,
            0x71, 0xd2, 0x20, 0x49, 0x20, 0x20, 0x0a, 0x87, 0x6b, 0x06, 0x53, 0xd0, 0x1a, 0xb2,
            0x31, 0x16, 0x04, 0xa9, 0x8e, 0x6b, 0x1c, 0x7b, 0x4e, 0x29, 0x98, 0x83, 0xa9, 0x67,
            0xc2, 0x70, 0x23, 0x32, 0xa9, 0x07, 0x91, 0x83, 0x0e, 0x61, 0x25, 0x4f, 0x7d, 0xa0,
            0x62, 0xe5, 0x61, 0x36, 0xdc, 0xf9, 0x77, 0x68, 0xb9, 0x15, 0xdb, 0xcb, 0xaa, 0xdd,
            0x59, 0x74, 0xee, 0xd5, 0xb6, 0xcb, 0x30, 0x67, 0x43, 0x45, 0xa6, 0xaa, 0xdc, 0x0c,
            0x49, 0x67, 0x32, 0x81, 0xa0, 0x19, 0xd6, 0xf2, 0x92, 0x26, 0xa6, 0xb7, 0xb1, 0xe0,
            0xc9, 0x83, 0x82, 0x19, 0x4c, 0x41, 0x36, 0x2a, 0x10, 0xa1, 0xbd, 0xf3, 0x9a, 0x55,
            0xf9, 0x9f, 0x7e, 0xf9, 0x69, 0x43, 0x31, 0x2c, 0x0f, 0x24, 0x46, 0x4d, 0x63, 0x47,
            0xdb, 0xd7, 0xad, 0x18, 0x75, 0x2e, 0x81, 0x69, 0x2c, 0x9f, 0x39, 0x10, 0x72, 0x03,
            0x56, 0x07, 0x43, 0x87, 0x1b, 0xd5, 0x0a, 0x17, 0x02, 0x16, 0xeb, 0x1b, 0x08, 0xd2,
            0xf9, 0xac, 0x6d, 0x83, 0x02, 0xa5, 0x67, 0x0a, 0x67, 0x5a, 0x25, 0xe4, 0x88, 0x5c,
            0x48, 0xb2, 0x44, 0xb7, 0x94, 0x4d, 0x73, 0x06, 0x65, 0x6d, 0x98, 0x7b, 0x6f, 0x75,
            0x1c, 0xcd, 0xc4, 0x70, 0xfc, 0xc3, 0x44, 0x5e, 0x21, 0x44, 0x91, 0x90, 0x2f, 0x96,
            0x5b, 0xb9, 0xfa, 0xf8, 0x5f, 0xe6, 0xe4, 0x0d, 0x6a, 0x98, 0xad, 0x75, 0xb8, 0x27,
            0x2b, 0xf9, 0x75, 0xfc, 0x89, 0x53, 0xbd, 0x77, 0x02, 0x15, 0x5c, 0xae, 0x5e, 0xe8,
            0x2a, 0x93, 0x48, 0x2e, 0xb0, 0xaa, 0x46, 0x3a, 0xe4, 0xcb, 0x3f, 0xc3, 0xbd, 0x81,
            0xa6, 0x1f, 0x67, 0x25, 0x73, 0x92, 0x5b, 0x8c, 0xd1, 0x98, 0x67, 0x44, 0x76, 0x01,
            0x19, 0xc9, 0x5f, 0x9e, 0xb4, 0x7d, 0x3a, 0x97, 0x0b, 0xf3, 0xdb, 0x02, 0xe1, 0x71,
            0xa9, 0xb7, 0xa4, 0x15, 0x8f, 0x49, 0x6b, 0x4e, 0xc7, 0x74, 0x7d, 0x66, 0x4c, 0x13,
            0xf3, 0x6d, 0xf6, 0xd3, 0x69, 0x1f, 0xfc, 0x42, 0x54, 0x58, 0xcc, 0xe3, 0x6c, 0xbd,
            0xce, 0xec, 0x1d, 0xc4, 0xc2, 0x42, 0x56, 0x65, 0x08, 0x2b, 0x69, 0x42, 0xa1, 0x38,
            0x85, 0x39, 0x36, 0x8c, 0x29, 0x29, 0x9e, 0x81, 0xd9, 0x3c, 0x24, 0xc2, 0x79, 0x3e,
            0x08, 0x67, 0x9c, 0xe3, 0x60, 0x59, 0x55, 0x1b, 0x30, 0xac, 0x03, 0xa4, 0x02, 0x61,
            0x70, 0x2b, 0xa5, 0xcd, 0x31, 0x0e, 0xc0, 0x9b, 0x6b, 0xf7, 0x86, 0x4f, 0xdd, 0xab,
            0x5c, 0xab, 0x34, 0x04, 0xf8, 0x31, 0xb3, 0x16, 0xe2, 0x3e, 0x39, 0xa5, 0x02, 0x72,
            0x2c, 0xcf, 0xb6, 0xc0, 0x3a, 0x56, 0x49, 0x33, 0x87, 0xf3, 0x7b, 0x39, 0x03, 0x26,
            0x0e, 0xa4, 0xb1, 0x4e, 0xf8, 0x88, 0x56, 0xc5, 0x33, 0xf2, 0x22, 0xbc, 0x02, 0xe4,
            0x2c, 0x67, 0xd0, 0x8b, 0x66, 0xba, 0x93, 0x7f, 0xf2, 0x1a, 0x4a, 0xd7, 0xc2, 0x95,
            0x67, 0x8e, 0xed, 0x14, 0xbd, 0x39, 0xe7, 0xc6, 0xb3, 0xa7, 0x99, 0x3a, 0xbc, 0x31,
            0xd3, 0xd6, 0x23, 0xb4, 0xab, 0x3a, 0xec, 0x01, 0x28, 0xd2, 0x8a, 0x62, 0xd0, 0xfc,
            0x1c, 0x7c, 0xf7, 0xc7, 0x22, 0x32, 0x60, 0x59, 0xbc, 0x0e, 0x9b, 0x46, 0x5c, 0xbc,
            0x57, 0xaa, 0xaa, 0x17, 0x26, 0x6a, 0x0b, 0x9e, 0x96, 0x27, 0x91, 0x82, 0xac, 0x8b,
            0x2e, 0xfa, 0x8c, 0xaf, 0xe0, 0xb6, 0xf2, 0xbb, 0x9c, 0xf1, 0x30, 0x25, 0x0d, 0xb2,
            0x2e, 0x2c, 0xba, 0x38, 0x8b, 0x31, 0x0c, 0xff, 0x51, 0x1a, 0x7b, 0x73, 0x18, 0x5f,
            0x00, 0x79, 0x42, 0x43, 0x0e, 0xa3, 0xc5, 0x31, 0xbf, 0x7a, 0x15, 0x99, 0xe3, 0x98,
            0x16, 0xd8, 0x09, 0xfc, 0xb3, 0xaf, 0xd3, 0xe5, 0x5e, 0x7a, 0x14, 0xbe, 0x35, 0x6b,
            0x61, 0xff, 0x00, 0x1e, 0x0f, 0x1c, 0x69, 0x19, 0x78, 0x3e, 0x88, 0x2a, 0x08, 0xf3,
            0x75, 0x6c, 0xc0, 0x5a, 0x97, 0x07, 0xb2, 0x12, 0x03, 0x63, 0x0c, 0xb2, 0x51, 0xef,
            0x25, 0x09, 0xa1, 0x70, 0x5a, 0x31, 0xb5, 0x23, 0x04, 0xaa, 0x6f, 0x12, 0xca, 0x55,
        ],
    }]
}
